obs_wl_air(nm)	unc_obs_wl	ritz_wl_air(nm)	intens	Aki(s^-1)	Acc	Ei(cm-1)	Ek(cm-1)	conf_i	term_i	J_i	conf_k	term_k	J_k	Type	tp_ref	line_ref	
"350.6740"	"0.0010"	"350.67334+"	"5"	""		"67067.547"	"95575.960"	"5p5.(2P*<3/2>).6s"	"2[3/2]*"	"2"	"5p5.(2P*<3/2>).7f"	"2[5/2]"	"3"		""	"L4739"	
"350.8420"	"0.0010"	"350.83842+"	"2"	""		"67067.547"	"95562.546"	"5p5.(2P*<3/2>).6s"	"2[3/2]*"	"2"	"5p5.(2P*<3/2>).7f"	"2[3/2]"	"2"		""	"L4739"	
"351.7900"	"0.0010"	"351.7876+"	"2*"	""		"68045.156"	"96463.27"	"5p5.(2P*<3/2>).6s"	"2[3/2]*"	"1"	"5p5.(2P*<3/2>).9f"	"2[3/2]"	"2"		""	"L4739"	
"351.7900"	"0.0010"	"351.7956+"	"2*"	""		"68045.156"	"96462.63"	"5p5.(2P*<3/2>).6s"	"2[3/2]*"	"1"	"5p5.(2P*<3/2>).9f"	"2[3/2]"	"1"		""	"L4739"	
"353.3480"	"0.0010"	"353.3475+"	"2"	""		"68045.156"	"96337.82"	"5p5.(2P*<3/2>).6s"	"2[3/2]*"	"1"	"5p5.(2P*<3/2>).12p"	"2[1/2]"	"0"		""	"L4739"	
"353.6610"	"0.0010"	"353.6592+"	"1-"	""		"68045.156"	"96312.89"	"5p5.(2P*<3/2>).6s"	"2[3/2]*"	"1"	"5p5.(2P*<3/2>).12p"	"2[3/2]"	"2"		""	"L4739"	
"353.7350"	"0.0010"	"353.7346+"	"1"	""		"68045.156"	"96306.86"	"5p5.(2P*<3/2>).6s"	"2[3/2]*"	"1"	"5p5.(2P*<3/2>).12p"	"2[3/2]"	"1"		""	"L4739"	
"354.9860"	"0.0010"	"354.9865+"	"10"	""		"67067.547"	"95229.59"	"5p5.(2P*<3/2>).6s"	"2[3/2]*"	"2"	"5p5.(2P*<3/2>).10p"	"2[3/2]"	"2"		""	"L4739"	
"355.4040"	"0.0010"	"355.4037+"	"10"	""		"67067.547"	"95196.53"	"5p5.(2P*<3/2>).6s"	"2[3/2]*"	"2"	"5p5.(2P*<3/2>).10p"	"2[5/2]"	"3"		""	"L4739"	
"355.5920"	"0.0010"	"355.5917+"	"1"	""		"67067.547"	"95181.66"	"5p5.(2P*<3/2>).6s"	"2[3/2]*"	"2"	"5p5.(2P*<3/2>).10p"	"2[5/2]"	"2"		""	"L4739"	
"356.3800"	"0.0010"	"356.3771+"	"3"	""		"68045.156"	"96097.31"	"5p5.(2P*<3/2>).6s"	"2[3/2]*"	"1"	"5p5.(2P*<3/2>).8f"	"2[3/2]"	"2"		""	"L4739"	
"358.7020"	"0.0010"	"358.7016+"	"4"	""		"68045.156"	"95915.53"	"5p5.(2P*<3/2>).6s"	"2[3/2]*"	"1"	"5p5.(2P*<3/2>).11p"	"2[1/2]"	"0"		""	"L4739"	
"359.1670"	"0.0010"	"359.1672+"	"1"	""		"68045.156"	"95879.40"	"5p5.(2P*<3/2>).6s"	"2[3/2]*"	"1"	"5p5.(2P*<3/2>).11p"	"2[3/2]"	"2"		""	"L4739"	
"359.2800"	"0.0010"	"359.2796+"	"2"	""		"68045.156"	"95870.69"	"5p5.(2P*<3/2>).6s"	"2[3/2]*"	"1"	"5p5.(2P*<3/2>).11p"	"2[3/2]"	"1"		""	"L4739"	
"361.0320"	"0.0010"	"361.03081+"	"15"	""		"67067.547"	"94758.116"	"5p5.(2P*<3/2>).6s"	"2[3/2]*"	"2"	"5p5.(2P*<3/2>).6f"	"2[5/2]"	"3"		""	"L4739"	
"361.3060"	"0.0010"	"361.30476+"	"8"	""		"67067.547"	"94737.121"	"5p5.(2P*<3/2>).6s"	"2[3/2]*"	"2"	"5p5.(2P*<3/2>).6f"	"2[3/2]"	"2"		""	"L4739"	
"363.3060"	"0.0010"	"363.30300+"	"6"	""		"68045.156"	"95562.546"	"5p5.(2P*<3/2>).6s"	"2[3/2]*"	"1"	"5p5.(2P*<3/2>).7f"	"2[3/2]"	"2"		""	"L4739"	
"366.9910"	"0.0010"	"366.9905+"	"10"	""		"68045.156"	"95286.06"	"5p5.(2P*<3/2>).6s"	"2[3/2]*"	"1"	"5p5.(2P*<3/2>).10p"	"2[1/2]"	"0"		""	"L4739"	
"367.7540"	"0.0010"	"367.7529+"	"2"	""		"68045.156"	"95229.59"	"5p5.(2P*<3/2>).6s"	"2[3/2]*"	"1"	"5p5.(2P*<3/2>).10p"	"2[3/2]"	"2"		""	"L4739"	
"367.9310"	"0.0010"	"367.9306+"	"4"	""		"68045.156"	"95216.46"	"5p5.(2P*<3/2>).6s"	"2[3/2]*"	"1"	"5p5.(2P*<3/2>).10p"	"2[3/2]"	"1"		""	"L4739"	
"368.5900"	"0.0010"	"368.5900+"	"40"	"4.5e+05"	D	"67067.547"	"94190.24"	"5p5.(2P*<3/2>).6s"	"2[3/2]*"	"2"	"5p5.(2P*<3/2>).9p"	"2[3/2]"	"2"		"T3269"	"L4739"	
"368.8800"	"0.0010"	"368.8808+"	"1"	""		"67067.547"	"94168.86"	"5p5.(2P*<3/2>).6s"	"2[3/2]*"	"2"	"5p5.(2P*<3/2>).9p"	"2[3/2]"	"1"		""	"L4739"	
"369.3490"	"0.0010"	"369.3487+"	"40"	"3.1e+05"	D+	"67067.547"	"94134.53"	"5p5.(2P*<3/2>).6s"	"2[3/2]*"	"2"	"5p5.(2P*<3/2>).9p"	"2[5/2]"	"3"		"T3269"	"L4739"	
"369.6820"	"0.0010"	"369.6817+"	"4"	""		"67067.547"	"94110.15"	"5p5.(2P*<3/2>).6s"	"2[3/2]*"	"2"	"5p5.(2P*<3/2>).9p"	"2[5/2]"	"2"		""	"L4739"	
"370.2740"	"0.0010"	"370.2732+"	"2"	""		"67067.547"	"94066.95"	"5p5.(2P*<3/2>).6s"	"2[3/2]*"	"2"	"5p5.(2P*<3/2>).9p"	"2[1/2]"	"1"		""	"L4739"	
"373.781"	"0.020"	"373.776+"	"5"	""		"77185.041"	"103931.4"	"5p5.(2P*<1/2>).6s"	"2[1/2]*"	"1"	"5p5.(2P*<1/2>).5f"	"2[5/2]"	"2"		""	"L4103"	
"374.2220"	"0.0010"	"374.21825+"	"1"	""		"68045.156"	"94759.935"	"5p5.(2P*<3/2>).6s"	"2[3/2]*"	"1"	"5p5.(2P*<3/2>).6f"	"2[5/2]"	"2"		""	"L4739"	
"374.5380"	"0.0010"	"374.53811+"	"10"	""		"68045.156"	"94737.121"	"5p5.(2P*<3/2>).6s"	"2[3/2]*"	"1"	"5p5.(2P*<3/2>).6f"	"2[3/2]"	"2"		""	"L4739"	
"374.5690"	"0.0010"	"374.56953+"	"4"	""		"68045.156"	"94734.882"	"5p5.(2P*<3/2>).6s"	"2[3/2]*"	"1"	"5p5.(2P*<3/2>).6f"	"2[3/2]"	"1"		""	"L4739"	
"379.5950"	"0.0010"	"379.59456+"	"3"	""		"67067.547"	"93403.966"	"5p5.(2P*<3/2>).6s"	"2[3/2]*"	"2"	"5p5.(2P*<3/2>).5f"	"2[5/2]"	"2"		""	"L4739"	
"379.6300"	"0.0010"	"379.63060+"	"40"	"1.6e+05"	C	"67067.547"	"93401.466"	"5p5.(2P*<3/2>).6s"	"2[3/2]*"	"2"	"5p5.(2P*<3/2>).5f"	"2[5/2]"	"3"		"T3269"	"L4739"	
"380.1390"	"0.0010"	"380.13904+"	"30"	""		"67067.547"	"93366.245"	"5p5.(2P*<3/2>).6s"	"2[3/2]*"	"2"	"5p5.(2P*<3/2>).5f"	"2[3/2]"	"2"		""	"L4739"	
"380.1900"	"0.0010"	"380.19071+"	"3"	""		"67067.547"	"93362.671"	"5p5.(2P*<3/2>).6s"	"2[3/2]*"	"2"	"5p5.(2P*<3/2>).5f"	"2[3/2]"	"1"		""	"L4739"	
"380.9840"	"0.0010"	"380.9844+"	"30"	""		"68045.156"	"94285.50"	"5p5.(2P*<3/2>).6s"	"2[3/2]*"	"1"	"5p5.(2P*<3/2>).9p"	"2[1/2]"	"0"		""	"L4739"	
"382.3740"	"0.0010"	"382.3726+"	"10"	""		"68045.156"	"94190.24"	"5p5.(2P*<3/2>).6s"	"2[3/2]*"	"1"	"5p5.(2P*<3/2>).9p"	"2[3/2]"	"2"		""	"L4739"	
"382.6860"	"0.0010"	"382.6855+"	"15"	""		"68045.156"	"94168.86"	"5p5.(2P*<3/2>).6s"	"2[3/2]*"	"1"	"5p5.(2P*<3/2>).9p"	"2[3/2]"	"1"		""	"L4739"	
"383.560"	"0.010"	"383.5475+"	"2"	""		"68045.156"	"94110.15"	"5p5.(2P*<3/2>).6s"	"2[3/2]*"	"1"	"5p5.(2P*<3/2>).9p"	"2[5/2]"	"2"		""	"L4739"	
"387.720"	"0.020"	"387.712+"	"2*"	""		"80322.746"	"106107.8"	"5p5.(2P*<3/2>).5d"	"2[3/2]*"	"2"	"5p5.(2P*<1/2>).7f"	"2[5/2]"	"2"		""	"L4103"	
"387.720"	"0.020"	"387.712+"	"2*"	""		"80322.746"	"106107.8"	"5p5.(2P*<3/2>).5d"	"2[3/2]*"	"2"	"5p5.(2P*<1/2>).7f"	"2[5/2]"	"3"		""	"L4103"	
"394.2290"	"0.0010"	"394.22868+"	"2"	""		"68045.156"	"93403.966"	"5p5.(2P*<3/2>).6s"	"2[3/2]*"	"1"	"5p5.(2P*<3/2>).5f"	"2[5/2]"	"2"		""	"L4739"	
"394.8163"	"0.0002"	"394.81598+"	"60"	""		"68045.156"	"93366.245"	"5p5.(2P*<3/2>).6s"	"2[3/2]*"	"1"	"5p5.(2P*<3/2>).5f"	"2[3/2]"	"2"		""	"L7292"	
"394.8720"	"0.0010"	"394.87171+"	"10"	""		"68045.156"	"93362.671"	"5p5.(2P*<3/2>).6s"	"2[3/2]*"	"1"	"5p5.(2P*<3/2>).5f"	"2[3/2]"	"1"		""	"L4739"	
"395.0924"	"0.0002"	"395.09237+"	"120"	"5.6e+05"	C+	"67067.547"	"92370.923"	"5p5.(2P*<3/2>).6s"	"2[3/2]*"	"2"	"5p5.(2P*<3/2>).8p"	"2[3/2]"	"2"		"T3269"	"L7292"	
"395.6850"	"0.0010"	"395.68437+"	"6"	""		"67067.547"	"92333.066"	"5p5.(2P*<3/2>).6s"	"2[3/2]*"	"2"	"5p5.(2P*<3/2>).8p"	"2[3/2]"	"1"		""	"L4739"	
"396.75411"	"0.00005"	"396.75405+"	"200"	"5.3e+05"	C+	"67067.547"	"92264.950"	"5p5.(2P*<3/2>).6s"	"2[3/2]*"	"2"	"5p5.(2P*<3/2>).8p"	"2[5/2]"	"3"		"T3269"	"L7292"	
"397.4417"	"0.0002"	"397.44158+"	"40"	"1.4e+05"	D+	"67067.547"	"92221.362"	"5p5.(2P*<3/2>).6s"	"2[3/2]*"	"2"	"5p5.(2P*<3/2>).8p"	"2[5/2]"	"2"		"T3269"	"L7292"	
"398.5202"	"0.0002"	"398.52027+"	"30"	""		"67067.547"	"92153.279"	"5p5.(2P*<3/2>).6s"	"2[3/2]*"	"2"	"5p5.(2P*<3/2>).8p"	"2[1/2]"	"1"		""	"L7292"	
"400.455"	"0.020"	"400.440+"	"10*"	""		"80322.746"	"105288.2"	"5p5.(2P*<3/2>).5d"	"2[3/2]*"	"2"	"5p5.(2P*<1/2>).6f"	"2[5/2]"	"3"		""	"L4103"	
"400.455"	"0.020"	"400.440+"	"10*"	""		"80322.746"	"105288.2"	"5p5.(2P*<3/2>).5d"	"2[3/2]*"	"2"	"5p5.(2P*<1/2>).6f"	"2[5/2]"	"2"		""	"L4103"	
"407.88202"	"0.00005"	"407.88193+"	"100"	""		"68045.156"	"92555.135"	"5p5.(2P*<3/2>).6s"	"2[3/2]*"	"1"	"5p5.(2P*<3/2>).8p"	"2[1/2]"	"0"		""	"L7292"	
"410.97089"	"0.00005"	"410.97076+"	"60"	""		"68045.156"	"92370.923"	"5p5.(2P*<3/2>).6s"	"2[3/2]*"	"1"	"5p5.(2P*<3/2>).8p"	"2[3/2]"	"2"		""	"L7292"	
"411.61147"	"0.00005"	"411.61135+"	"80"	""		"68045.156"	"92333.066"	"5p5.(2P*<3/2>).6s"	"2[3/2]*"	"1"	"5p5.(2P*<3/2>).8p"	"2[3/2]"	"1"		""	"L7292"	
"412.355"	"0.020"	"412.352+"	"10"	""		"77185.041"	"101429.3"	"5p5.(2P*<1/2>).6s"	"2[1/2]*"	"1"	"5p5.(2P*<1/2>).4f"	"2[5/2]"	"2"		""	"L4103"	
"413.5133"	"0.0002"	"413.51320+"	"20"	""		"68045.156"	"92221.362"	"5p5.(2P*<3/2>).6s"	"2[3/2]*"	"1"	"5p5.(2P*<3/2>).8p"	"2[5/2]"	"2"		""	"L7292"	
"414.6780"	"0.0010"	"414.68101+"	"2"	""		"68045.156"	"92153.279"	"5p5.(2P*<3/2>).6s"	"2[3/2]*"	"1"	"5p5.(2P*<3/2>).8p"	"2[1/2]"	"1"		""	"L4739"	
"417.517"	"0.020"	"417.510+"	"6"	""		"79986.618"	"103931.4"	"5p5.(2P*<3/2>).5d"	"2[1/2]*"	"1"	"5p5.(2P*<1/2>).5f"	"2[5/2]"	"2"		""	"L4103"	
"419.3010"	"0.0010"	"419.30087+"	"20"	""		"67067.547"	"90910.052"	"5p5.(2P*<3/2>).6s"	"2[3/2]*"	"2"	"5p5.(2P*<3/2>).4f"	"2[5/2]"	"2"		""	"L4739"	
"419.3528"	"0.0002"	"419.35296+"	"150"	"2.20e+05"	B	"67067.547"	"90907.090"	"5p5.(2P*<3/2>).6s"	"2[3/2]*"	"2"	"5p5.(2P*<3/2>).4f"	"2[5/2]"	"3"		"T3269"	"L7292"	
"420.3695"	"0.0002"	"420.3695+"	""	"1.1e+05"	D+	"67067.547"	"90849.440"	"5p5.(2P*<3/2>).6s"	"2[3/2]*"	"2"	"5p5.(2P*<3/2>).4f"	"2[3/2]"	"2"		"T3269"	"L7292"	
"420.5404"	"0.0002"	"420.5404+"	"10"	""		"67067.547"	"90839.777"	"5p5.(2P*<3/2>).6s"	"2[3/2]*"	"2"	"5p5.(2P*<3/2>).4f"	"2[3/2]"	"1"		""	"L7292"	
"423.503"	"0.020"	"423.512+"	"15"	""		"80322.746"	"103928.2"	"5p5.(2P*<3/2>).5d"	"2[3/2]*"	"2"	"5p5.(2P*<1/2>).5f"	"2[5/2]"	"3"		""	"L4103"	
"427.916"	"0.020"	"427.913+"	"2*"	""		"81925.514"	"105288.2"	"5p5.(2P*<3/2>).5d"	"2[5/2]*"	"2"	"5p5.(2P*<1/2>).6f"	"2[5/2]"	"2"		""	"L4103"	
"427.916"	"0.020"	"427.913+"	"2*"	""		"81925.514"	"105288.2"	"5p5.(2P*<3/2>).5d"	"2[5/2]*"	"2"	"5p5.(2P*<1/2>).6f"	"2[7/2]"	"3"		""	"L4103"	
"435.459"	"0.020"	"435.460+"	"6"	""		"80970.438"	"103928.2"	"5p5.(2P*<3/2>).5d"	"2[7/2]*"	"3"	"5p5.(2P*<1/2>).5f"	"2[7/2]"	"4"		""	"L4103"	
"437.2287"	"0.0002"	"437.2288+"	"20"	""		"68045.156"	"90910.052"	"5p5.(2P*<3/2>).6s"	"2[3/2]*"	"1"	"5p5.(2P*<3/2>).4f"	"2[5/2]"	"2"		""	"L7292"	
"438.3908"	"0.0002"	"438.3909+"	"100"	""		"68045.156"	"90849.440"	"5p5.(2P*<3/2>).6s"	"2[3/2]*"	"1"	"5p5.(2P*<3/2>).4f"	"2[3/2]"	"2"		""	"L7292"	
"438.5768"	"0.0002"	"438.5768+"	"70"	""		"68045.156"	"90839.777"	"5p5.(2P*<3/2>).6s"	"2[3/2]*"	"1"	"5p5.(2P*<3/2>).4f"	"2[3/2]"	"1"		""	"L7292"	
"450.0978"	"0.0002"	"450.0979+"	""	"1.46e+06"	C+	"67067.547"	"89278.706"	"5p5.(2P*<3/2>).6s"	"2[3/2]*"	"2"	"5p5.(2P*<1/2>).6p"	"2[1/2]"	"1"		"T3269"	"L7292"	
"452.46805"	"0.00005"	"452.4681+"	""	"4.6e+05"	C+	"67067.547"	"89162.356"	"5p5.(2P*<3/2>).6s"	"2[3/2]*"	"2"	"5p5.(2P*<1/2>).6p"	"2[3/2]"	"2"		"T3269"	"L7292"	
"454.399"	"0.020"	"454.363+"	"6"	""		"81925.514"	"103928.2"	"5p5.(2P*<3/2>).5d"	"2[5/2]*"	"2"	"5p5.(2P*<1/2>).5f"	"2[7/2]"	"3"		""	"L4103"	
"457.6600"	"0.0010"	"457.6603+"	""	""		"67067.547"	"88911.692"	"5p5.(2P*<3/2>).6s"	"2[3/2]*"	"2"	"5p5.(2P*<3/2>).6d"	"2[7/2]*"	"4"	E2	""	"L4739"	
"458.27472"	"0.00005"	"458.2747+"	""	"1.3e+06"	C	"68045.156"	"89860.015"	"5p5.(2P*<3/2>).6s"	"2[3/2]*"	"1"	"5p5.(2P*<1/2>).6p"	"2[1/2]"	"0"		"T5100n,T4106n"	"L7292"	
"461.18882"	"0.00005"	"461.1890+"	"100"	"3.0e+04"	D	"67067.547"	"88744.559"	"5p5.(2P*<3/2>).6s"	"2[3/2]*"	"2"	"5p5.(2P*<3/2>).7p"	"2[3/2]"	"1"		"T8608"	"L7292"	
"462.42756"	"0.00005"	"462.4276+"	""	"2.42e+06"	B	"67067.547"	"88686.500"	"5p5.(2P*<3/2>).6s"	"2[3/2]*"	"2"	"5p5.(2P*<3/2>).7p"	"2[3/2]"	"2"		"T8608n,T6672"	"L7292"	
"466.226"	"0.020"	"466.229+"	"6"	""		"79986.618"	"101429.3"	"5p5.(2P*<3/2>).5d"	"2[1/2]*"	"1"	"5p5.(2P*<1/2>).4f"	"2[5/2]"	"2"		""	"L4103"	
"467.12258"	"0.00005"	"467.1226+"	""	"2.49e+06"	B	"67067.547"	"88469.213"	"5p5.(2P*<3/2>).6s"	"2[3/2]*"	"2"	"5p5.(2P*<3/2>).7p"	"2[5/2]"	"3"		"T8608"	"L7292"	
"469.0970"	"0.0002"	"469.0972+"	"100"	"2.8e+05"	C+	"67067.547"	"88379.126"	"5p5.(2P*<3/2>).6s"	"2[3/2]*"	"2"	"5p5.(2P*<1/2>).6p"	"2[3/2]"	"1"		"T3269"	"L7292"	
"469.70208"	"0.00005"	"469.7021+"	""	"7.36e+05"	B	"67067.547"	"88351.681"	"5p5.(2P*<3/2>).6s"	"2[3/2]*"	"2"	"5p5.(2P*<3/2>).7p"	"2[5/2]"	"2"		"T8608n,T6672"	"L7292"	
"470.8210"	"0.0010"	"470.8211+"	"5"	""		"68045.156"	"89278.706"	"5p5.(2P*<3/2>).6s"	"2[3/2]*"	"1"	"5p5.(2P*<1/2>).6p"	"2[1/2]"	"1"		""	"L4739"	
"473.41518"	"0.00005"	"473.4152+"	"600"	"1.38e+06"	C+	"68045.156"	"89162.356"	"5p5.(2P*<3/2>).6s"	"2[3/2]*"	"1"	"5p5.(2P*<1/2>).6p"	"2[3/2]"	"2"		"T5100n,T3269"	"L7292c110"	
"473.749"	"0.020"	"473.755+"	"6"	""		"80322.746"	"101424.8"	"5p5.(2P*<3/2>).5d"	"2[3/2]*"	"2"	"5p5.(2P*<1/2>).4f"	"2[5/2]"	"3"		""	"L4103"	
"479.2619"	"0.0002"	"479.2620+"	"150"	"1.2e+05"	D+	"67067.547"	"87927.131"	"5p5.(2P*<3/2>).6s"	"2[3/2]*"	"2"	"5p5.(2P*<3/2>).7p"	"2[1/2]"	"1"		"T8608"	"L7292c110"	
"480.70190"	"0.00005"	"480.7019+"	"500"	"4.29e+06"	B	"68045.156"	"88842.256"	"5p5.(2P*<3/2>).6s"	"2[3/2]*"	"1"	"5p5.(2P*<3/2>).7p"	"2[1/2]"	"0"		"T8608n,T6672"	"L7292c110"	
"482.9708"	"0.0002"	"482.9708+"	"400"	"6.e+05"	D+	"68045.156"	"88744.559"	"5p5.(2P*<3/2>).6s"	"2[3/2]*"	"1"	"5p5.(2P*<3/2>).7p"	"2[3/2]"	"1"		"T8608"	"L7292"	
"484.32934"	"0.00005"	"484.3293+"	"300"	"7.02e+05"	B	"68045.156"	"88686.500"	"5p5.(2P*<3/2>).6s"	"2[3/2]*"	"1"	"5p5.(2P*<3/2>).7p"	"2[3/2]"	"2"		"T8608n,T6672"	"L7292"	
"491.6507"	"0.0002"	"491.6506+"	"500"	"1.6e+06"	C+	"68045.156"	"88379.126"	"5p5.(2P*<3/2>).6s"	"2[3/2]*"	"1"	"5p5.(2P*<1/2>).6p"	"2[3/2]"	"1"		"T5100n,T3269"	"L7292c110"	
"492.3152"	"0.0002"	"492.3151+"	"500"	"9.74e+05"	B	"68045.156"	"88351.681"	"5p5.(2P*<3/2>).6s"	"2[3/2]*"	"1"	"5p5.(2P*<3/2>).7p"	"2[5/2]"	"2"		"T8608n,T6672"	"L7292"	
"502.3880"	"0.0010"	"502.386+"	"3h"	""		"76196.767"	"96096.25"	"5p5.(2P*<1/2>).6s"	"2[1/2]*"	"0"	"5p5.(2P*<3/2>).8f"	"2[3/2]"	"1"		""	"L4739"	
"502.82794"	"0.00005"	"502.8279+"	"200"	"1.6e+05"	D+	"68045.156"	"87927.131"	"5p5.(2P*<3/2>).6s"	"2[3/2]*"	"1"	"5p5.(2P*<3/2>).7p"	"2[1/2]"	"1"		"T8608"	"L7292"	
"511.646"	"0.003"	"511.64+"	"0"	""		"77185.041"	"96724.5"	"5p5.(2P*<1/2>).6s"	"2[1/2]*"	"1"	"5p5.(2P*<3/2>).10f"	"2[3/2]"	"1"		""	"L3989"	
"512.724"	"0.020"	"512.70+"	"6"	""		"81925.514"	"101424.8"	"5p5.(2P*<3/2>).5d"	"2[5/2]*"	"2"	"5p5.(2P*<1/2>).4f"	"2[7/2]"	"3"		""	"L4103"	
"516.2711"	"0.0002"	"516.2702+"	"10"	""		"76196.767"	"95561.074"	"5p5.(2P*<1/2>).6s"	"2[1/2]*"	"0"	"5p5.(2P*<3/2>).7f"	"2[3/2]"	"1"		""	"L7292"	
"516.4390"	"0.0010"	"516.4419+"	"1h"	""		"77269.145"	"96627.017"	"5p5.(2P*<3/2>).6p"	"2[1/2]"	"1"	"5p5.(2P*<3/2>).12d"	"2[3/2]*"	"2"		""	"L4739"	
"516.7300"	"0.0010"	"516.7281+"	"1h"	""		"77269.145"	"96616.295"	"5p5.(2P*<3/2>).6p"	"2[1/2]"	"1"	"5p5.(2P*<3/2>).12d"	"2[1/2]*"	"1"		""	"L4739"	
"518.5850"	"0.0010"	"518.575+"	"2h*"	""		"77185.041"	"96463.27"	"5p5.(2P*<1/2>).6s"	"2[1/2]*"	"1"	"5p5.(2P*<3/2>).9f"	"2[3/2]"	"2"		""	"L4739"	
"518.5850"	"0.0010"	"518.593+"	"2h*"	""		"77185.041"	"96462.63"	"5p5.(2P*<1/2>).6s"	"2[1/2]*"	"1"	"5p5.(2P*<3/2>).9f"	"2[3/2]"	"1"		""	"L4739"	
"520.6070"	"0.0010"	"520.607+"	"1"	"1.10e+05"	C	"77269.145"	"96472.13"	"5p5.(2P*<3/2>).6p"	"2[1/2]"	"1"	"5p5.(2P*<3/2>).13s"	"2[3/2]*"	"2"		"T5818"	"L4739"	
"524.5270"	"0.0010"	"524.527+"	"4h"	""		"77269.145"	"96328.62"	"5p5.(2P*<3/2>).6p"	"2[1/2]"	"1"	"5p5.(2P*<3/2>).11d"	"2[3/2]*"	"2"		""	"L4739"	
"524.8980"	"0.0010"	"524.898+"	"4h"	""		"77269.145"	"96315.16"	"5p5.(2P*<3/2>).6p"	"2[1/2]"	"1"	"5p5.(2P*<3/2>).11d"	"2[1/2]*"	"1"		""	"L4739"	
"525.1890"	"0.0010"	"525.189+"	"2h"	""		"77269.145"	"96304.62"	"5p5.(2P*<3/2>).6p"	"2[1/2]"	"1"	"5p5.(2P*<3/2>).11d"	"2[1/2]*"	"0"		""	"L4739"	
"527.3480"	"0.0010"	"527.346+"	"1h"	""		"76196.767"	"95154.37"	"5p5.(2P*<1/2>).6s"	"2[1/2]*"	"0"	"5p5.(2P*<3/2>).10p"	"2[1/2]"	"1"		""	"L4739"	
"528.3300"	"0.0010"	"528.329+"	"2h"	""		"77185.041"	"96107.36"	"5p5.(2P*<1/2>).6s"	"2[1/2]*"	"1"	"5p5.(2P*<3/2>).8f"	"2[5/2]"	"2"		""	"L4739"	
"528.6110"	"0.0010"	"528.610+"	"4h"	""		"77185.041"	"96097.31"	"5p5.(2P*<1/2>).6s"	"2[1/2]*"	"1"	"5p5.(2P*<3/2>).8f"	"2[3/2]"	"2"		""	"L4739"	
"528.6380"	"0.0010"	"528.640+"	"3h"	""		"77185.041"	"96096.25"	"5p5.(2P*<1/2>).6s"	"2[1/2]*"	"1"	"5p5.(2P*<3/2>).8f"	"2[3/2]"	"1"		""	"L4739"	
"530.6370"	"0.0010"	"530.636+"	"3"	"1.60e+05"	C+	"77269.145"	"96109.22"	"5p5.(2P*<3/2>).6p"	"2[1/2]"	"1"	"5p5.(2P*<3/2>).12s"	"2[3/2]*"	"2"		"T5818"	"L4739"	
"533.5910"	"0.0010"	"533.5872+"	"1h-"	""		"78119.798"	"96855.664"	"5p5.(2P*<3/2>).6p"	"2[5/2]"	"2"	"5p5.(2P*<3/2>).13d"	"2[5/2]*"	"2"		""	"L4739"	
"533.7890"	"0.0010"	"533.7915+"	"2h"	""		"78119.798"	"96848.494"	"5p5.(2P*<3/2>).6p"	"2[5/2]"	"2"	"5p5.(2P*<3/2>).13d"	"2[7/2]*"	"3"		""	"L4739"	
"535.6800"	"0.0010"	"535.68+"	"1"	""		"89278.706"	"107941.5"	"5p5.(2P*<1/2>).6p"	"2[1/2]"	"1"	"5p5.(2P*<1/2>).20s"	"2[1/2]*"	"1"		""	"L4739"	
"536.2244"	"0.0002"	"536.2241+"	"15"	""		"77269.145"	"95912.880"	"5p5.(2P*<3/2>).6p"	"2[1/2]"	"1"	"5p5.(2P*<3/2>).10d"	"2[1/2]*"	"1"		""	"L7292"	
"536.4626"	"0.0002"	"536.4623+"	"30"	""		"77269.145"	"95904.600"	"5p5.(2P*<3/2>).6p"	"2[1/2]"	"1"	"5p5.(2P*<3/2>).10d"	"2[3/2]*"	"2"		""	"L7292"	
"536.7030"	"0.0010"	"536.703+"	"6"	""		"77269.145"	"95896.25"	"5p5.(2P*<3/2>).6p"	"2[1/2]"	"1"	"5p5.(2P*<3/2>).10d"	"2[1/2]*"	"0"		""	"L4739"	
"537.3740"	"0.0010"	"537.3763+"	"1h-"	""		"78403.061"	"97006.822"	"5p5.(2P*<3/2>).6p"	"2[5/2]"	"3"	"5p5.(2P*<3/2>).14d"	"2[7/2]*"	"4"		""	"L4739"	
"539.2795"	"0.0002"	"539.2792+"	"100"	""		"76196.767"	"94734.882"	"5p5.(2P*<1/2>).6s"	"2[1/2]*"	"0"	"5p5.(2P*<3/2>).6f"	"2[3/2]"	"1"		""	"L7292"	
"539.4738"	"0.0002"	"539.4735+"	"20"	""		"77269.145"	"95800.584"	"5p5.(2P*<3/2>).6p"	"2[1/2]"	"1"	"5p5.(2P*<1/2>).7s"	"2[1/2]*"	"1"		""	"L7292"	
"539.7630"	"0.0010"	"539.7628+"	"1h"	""		"78119.798"	"96641.306"	"5p5.(2P*<3/2>).6p"	"2[5/2]"	"2"	"5p5.(2P*<3/2>).12d"	"2[5/2]*"	"2"		""	"L4739"	
"540.0450"	"0.0010"	"540.0455+"	"4h"	""		"78119.798"	"96631.610"	"5p5.(2P*<3/2>).6p"	"2[5/2]"	"2"	"5p5.(2P*<3/2>).12d"	"2[7/2]*"	"3"		""	"L4739"	
"541.8020"	"0.0010"	"541.802+"	"5"	""		"77269.145"	"95720.95"	"5p5.(2P*<3/2>).6p"	"2[1/2]"	"1"	"5p5.(2P*<1/2>).7s"	"2[1/2]*"	"0"		""	"L4739"	
"542.1760"	"0.0010"	"542.1773+"	"2h"	""		"78403.061"	"96842.085"	"5p5.(2P*<3/2>).6p"	"2[5/2]"	"3"	"5p5.(2P*<3/2>).13d"	"2[7/2]*"	"4"		""	"L4739"	
"543.5600"	"0.0010"	"543.559+"	"5h"	""		"77185.041"	"95577.20"	"5p5.(2P*<1/2>).6s"	"2[1/2]*"	"1"	"5p5.(2P*<3/2>).7f"	"2[5/2]"	"2"		""	"L4739"	
"543.9923"	"0.0002"	"543.9923+"	"30"	""		"77185.041"	"95562.546"	"5p5.(2P*<1/2>).6s"	"2[1/2]*"	"1"	"5p5.(2P*<3/2>).7f"	"2[3/2]"	"2"		""	"L7292"	
"544.0390"	"0.0010"	"544.0359+"	"15"	""		"77185.041"	"95561.074"	"5p5.(2P*<1/2>).6s"	"2[1/2]*"	"1"	"5p5.(2P*<3/2>).7f"	"2[3/2]"	"1"		""	"L4739"	
"544.4870"	"0.0010"	"544.487+"	"1h"	""		"78119.798"	"96480.62"	"5p5.(2P*<3/2>).6p"	"2[5/2]"	"2"	"5p5.(2P*<3/2>).13s"	"2[3/2]*"	"1"		""	"L4739"	
""	""	"544.738+"	""	"4.0e+04"	C	"78119.798"	"96472.13"	"5p5.(2P*<3/2>).6p"	"2[5/2]"	"2"	"5p5.(2P*<3/2>).13s"	"2[3/2]*"	"2"		"T5818"	""	
"545.4540"	"0.0010"	"545.4461+"	"1h"	""		"78403.061"	"96731.584"	"5p5.(2P*<3/2>).6p"	"2[5/2]"	"3"	"5p5.(2P*<3/2>).14s"	"2[3/2]*"	"2"		""	"L4739"	
"545.6450"	"0.0010"	"545.646+"	"2"	"4.40e+04"	B	"77269.145"	"95590.97"	"5p5.(2P*<3/2>).6p"	"2[1/2]"	"1"	"5p5.(2P*<3/2>).11s"	"2[3/2]*"	"1"		"T5818"	"L4739"	
"546.0037"	"0.0002"	"546.0034+"	"15"	"2.50e+05"	B+	"77269.145"	"95578.961"	"5p5.(2P*<3/2>).6p"	"2[1/2]"	"1"	"5p5.(2P*<3/2>).11s"	"2[3/2]*"	"2"		"T5818"	"L7292"	
"547.9120"	"0.0010"	"547.9124+"	"1h"	""		"78403.061"	"96649.083"	"5p5.(2P*<3/2>).6p"	"2[5/2]"	"3"	"5p5.(2P*<3/2>).12d"	"2[5/2]*"	"3"		""	"L4739"	
"548.1330"	"0.0010"	"548.131+"	"1h"	""		"78119.798"	"96358.56"	"5p5.(2P*<3/2>).6p"	"2[5/2]"	"2"	"5p5.(2P*<3/2>).11d"	"2[5/2]*"	"3"		""	"L4739"	
"548.4160"	"0.0010"	"548.414+"	"1h"	""		"77269.145"	"95498.48"	"5p5.(2P*<3/2>).6p"	"2[1/2]"	"1"	"5p5.(2P*<3/2>).9d"	"2[3/2]*"	"1"		""	"L4739"	
"548.4460"	"0.0010"	"548.447+"	"4h"	""		"78119.798"	"96348.03"	"5p5.(2P*<3/2>).6p"	"2[5/2]"	"2"	"5p5.(2P*<3/2>).11d"	"2[5/2]*"	"2"		""	"L4739"	
"548.7030"	"0.0010"	"548.7055+"	"6h"	""		"78403.061"	"96622.710"	"5p5.(2P*<3/2>).6p"	"2[5/2]"	"3"	"5p5.(2P*<3/2>).12d"	"2[7/2]*"	"4"		""	"L4739"	
"548.8555"	"0.0002"	"548.8552+"	"20h"	""		"78119.798"	"96334.479"	"5p5.(2P*<3/2>).6p"	"2[5/2]"	"2"	"5p5.(2P*<3/2>).11d"	"2[7/2]*"	"3"		""	"L7292"	
"552.305"	"0.003"	"552.302+"	"1"	""		"77185.041"	"95286.06"	"5p5.(2P*<1/2>).6s"	"2[1/2]*"	"1"	"5p5.(2P*<3/2>).10p"	"2[1/2]"	"0"		""	"L3989"	
"553.2780"	"0.0010"	"553.278+"	"2h"	"1.80e+05"	B+	"78403.061"	"96472.13"	"5p5.(2P*<3/2>).6p"	"2[5/2]"	"3"	"5p5.(2P*<3/2>).13s"	"2[3/2]*"	"2"		"T5818"	"L4739"	
"554.0380"	"0.0010"	"554.030+"	"3h*"	""		"77185.041"	"95229.59"	"5p5.(2P*<1/2>).6s"	"2[1/2]*"	"1"	"5p5.(2P*<3/2>).10p"	"2[3/2]"	"2"		""	"L4739"	
"554.0380"	"0.0010"	"554.0391+"	"3h*"	""		"77269.145"	"95313.401"	"5p5.(2P*<3/2>).6p"	"2[1/2]"	"1"	"5p5.(2P*<3/2>).9d"	"2[5/2]*"	"2"		""	"L4739"	
"555.2385"	"0.0002"	"555.2387+"	"80"	""		"77269.145"	"95274.415"	"5p5.(2P*<3/2>).6p"	"2[1/2]"	"1"	"5p5.(2P*<3/2>).9d"	"2[3/2]*"	"2"		""	"L7292"	
"555.3100"	"0.0010"	"555.310+"	"3h"	""		"78119.798"	"96122.77"	"5p5.(2P*<3/2>).6p"	"2[5/2]"	"2"	"5p5.(2P*<3/2>).12s"	"2[3/2]*"	"1"		""	"L4739"	
"555.5060"	"0.0010"	"555.506+"	"1-"	""		"77185.041"	"95181.66"	"5p5.(2P*<1/2>).6s"	"2[1/2]*"	"1"	"5p5.(2P*<3/2>).10p"	"2[5/2]"	"2"		""	"L4739"	
"555.7280"	"0.0010"	"555.728+"	"2"	"6.0e+04"	C+	"78119.798"	"96109.22"	"5p5.(2P*<3/2>).6p"	"2[5/2]"	"2"	"5p5.(2P*<3/2>).12s"	"2[3/2]*"	"2"		"T5818"	"L4739"	
"556.3500"	"0.0010"	"556.349+"	"2"	""		"77185.041"	"95154.37"	"5p5.(2P*<1/2>).6s"	"2[1/2]*"	"1"	"5p5.(2P*<3/2>).10p"	"2[1/2]"	"1"		""	"L4739"	
"556.6615"	"0.0002"	"556.6614+"	"100"	""		"77269.145"	"95228.399"	"5p5.(2P*<3/2>).6p"	"2[1/2]"	"1"	"5p5.(2P*<3/2>).9d"	"2[1/2]*"	"1"		""	"L7292"	
"556.7770"	"0.0010"	"556.778+"	"2h"	""		"78403.061"	"96358.56"	"5p5.(2P*<3/2>).6p"	"2[5/2]"	"3"	"5p5.(2P*<3/2>).11d"	"2[5/2]*"	"3"		""	"L4739"	
"557.5270"	"0.0010"	"557.5256+"	"2h"	""		"78403.061"	"96334.479"	"5p5.(2P*<3/2>).6p"	"2[5/2]"	"3"	"5p5.(2P*<3/2>).11d"	"2[7/2]*"	"3"		""	"L4739"	
"557.9280"	"0.0010"	"557.928+"	"40"	""		"78403.061"	"96321.55"	"5p5.(2P*<3/2>).6p"	"2[5/2]"	"3"	"5p5.(2P*<3/2>).11d"	"2[7/2]*"	"4"		""	"L4739"	
"558.1784"	"0.0002"	"558.1787+"	"50"	""		"77269.145"	"95179.580"	"5p5.(2P*<3/2>).6p"	"2[1/2]"	"1"	"5p5.(2P*<3/2>).9d"	"2[1/2]*"	"0"		""	"L7292"	
"558.5180"	"0.0010"	"558.5156+"	"1-"	""		"78956.031"	"96855.664"	"5p5.(2P*<3/2>).6p"	"2[3/2]"	"1"	"5p5.(2P*<3/2>).13d"	"2[5/2]*"	"2"		""	"L4739"	
"559.4370"	"0.0010"	"559.436+"	"6"	""		"76196.767"	"94066.95"	"5p5.(2P*<1/2>).6s"	"2[1/2]*"	"0"	"5p5.(2P*<3/2>).9p"	"2[1/2]"	"1"		""	"L4739"	
"560.7990"	"0.0010"	"560.7980+"	"3"	""		"78119.798"	"95946.582"	"5p5.(2P*<3/2>).6p"	"2[5/2]"	"2"	"5p5.(2P*<3/2>).10d"	"2[5/2]*"	"3"		""	"L4739"	
"561.2650"	"0.0010"	"561.263+"	"15"	""		"78119.798"	"95931.80"	"5p5.(2P*<3/2>).6p"	"2[5/2]"	"2"	"5p5.(2P*<3/2>).10d"	"2[5/2]*"	"2"		""	"L4739"	
"561.8878"	"0.0002"	"561.8879+"	"80"	""		"78119.798"	"95912.003"	"5p5.(2P*<3/2>).6p"	"2[5/2]"	"2"	"5p5.(2P*<3/2>).10d"	"2[7/2]*"	"3"		""	"L7292"	
"562.1240"	"0.0010"	"562.1218+"	"1"	""		"78119.798"	"95904.600"	"5p5.(2P*<3/2>).6p"	"2[5/2]"	"2"	"5p5.(2P*<3/2>).10d"	"2[3/2]*"	"2"		""	"L4739"	
"564.6190"	"0.0010"	"564.619+"	"5"	"2.70e+05"	B+	"78403.061"	"96109.22"	"5p5.(2P*<3/2>).6p"	"2[5/2]"	"3"	"5p5.(2P*<3/2>).12s"	"2[3/2]*"	"2"		"T5818"	"L4739"	
"565.2840"	"0.0010"	"565.2853+"	"2h"	""		"78956.031"	"96641.306"	"5p5.(2P*<3/2>).6p"	"2[3/2]"	"1"	"5p5.(2P*<3/2>).12d"	"2[5/2]*"	"2"		""	"L4739"	
"565.4310"	"0.0010"	"565.4288+"	"1h-"	""		"78119.798"	"95800.584"	"5p5.(2P*<3/2>).6p"	"2[5/2]"	"2"	"5p5.(2P*<1/2>).7s"	"2[1/2]*"	"1"		""	"L4739"	
"566.4460"	"0.0010"	"566.4447+"	"1h"	""		"79212.465"	"96861.540"	"5p5.(2P*<3/2>).6p"	"2[3/2]"	"2"	"5p5.(2P*<3/2>).13d"	"2[5/2]*"	"3"		""	"L4739"	
"568.8373"	"0.0002"	"568.8356+"	"40"	""		"77185.041"	"94759.935"	"5p5.(2P*<1/2>).6s"	"2[1/2]*"	"1"	"5p5.(2P*<3/2>).6f"	"2[5/2]"	"2"		""	"L7292"	
"569.5750"	"0.0002"	"569.5750+"	"100"	""		"77185.041"	"94737.121"	"5p5.(2P*<1/2>).6s"	"2[1/2]*"	"1"	"5p5.(2P*<3/2>).6f"	"2[3/2]"	"2"		""	"L7292"	
"569.6477"	"0.0002"	"569.6477+"	"80"	""		"77185.041"	"94734.882"	"5p5.(2P*<1/2>).6s"	"2[1/2]*"	"1"	"5p5.(2P*<3/2>).6f"	"2[3/2]"	"1"		""	"L7292"	
"569.8540"	"0.0010"	"569.8529+"	"8"	""		"78403.061"	"95946.582"	"5p5.(2P*<3/2>).6p"	"2[5/2]"	"3"	"5p5.(2P*<3/2>).10d"	"2[5/2]*"	"3"		""	"L4739"	
"570.3340"	"0.0010"	"570.333+"	"1"	""		"78403.061"	"95931.80"	"5p5.(2P*<3/2>).6p"	"2[5/2]"	"3"	"5p5.(2P*<3/2>).10d"	"2[5/2]*"	"2"		""	"L4739"	
"570.6870"	"0.0010"	"570.6851+"	"3"	"7.0e+04"	C+	"77269.145"	"94787.084"	"5p5.(2P*<3/2>).6p"	"2[1/2]"	"1"	"5p5.(2P*<3/2>).10s"	"2[3/2]*"	"1"		"T5818"	"L4739"	
"570.9800"	"0.0010"	"570.9783+"	"10h"	""		"78403.061"	"95912.003"	"5p5.(2P*<3/2>).6p"	"2[5/2]"	"3"	"5p5.(2P*<3/2>).10d"	"2[7/2]*"	"3"		""	"L4739"	
"571.2210"	"0.0010"	"571.2198+"	"2"	""		"78403.061"	"95904.600"	"5p5.(2P*<3/2>).6p"	"2[5/2]"	"3"	"5p5.(2P*<3/2>).10d"	"2[3/2]*"	"2"		""	"L4739"	
"571.5716"	"0.0002"	"571.5712+"	"70"	"3.5e+05"	C+	"77269.145"	"94759.927"	"5p5.(2P*<3/2>).6p"	"2[1/2]"	"1"	"5p5.(2P*<3/2>).10s"	"2[3/2]*"	"2"		"T5818"	"L7292"	
"571.6252"	"0.0002"	"571.6251+"	"80"	""		"78403.061"	"95892.194"	"5p5.(2P*<3/2>).6p"	"2[5/2]"	"3"	"5p5.(2P*<3/2>).10d"	"2[7/2]*"	"4"		""	"L7292"	
"572.2140"	"0.0010"	"572.213+"	"15h"	"3.60e+05"	B+	"78119.798"	"95590.97"	"5p5.(2P*<3/2>).6p"	"2[5/2]"	"2"	"5p5.(2P*<3/2>).11s"	"2[3/2]*"	"1"		"T5818"	"L4739"	
"572.3260"	"0.0010"	"572.325+"	"1h"	""		"78956.031"	"96423.77"	"5p5.(2P*<3/2>).6p"	"2[3/2]"	"1"	"5p5.(2P*<3/2>).11d"	"2[3/2]*"	"1"		""	"L4739"	
"572.6100"	"0.0010"	"572.6063+"	"4"	"9.0e+04"	C+	"78119.798"	"95578.961"	"5p5.(2P*<3/2>).6p"	"2[5/2]"	"2"	"5p5.(2P*<3/2>).11s"	"2[3/2]*"	"2"		"T5818"	"L4739"	
"573.3480"	"0.0010"	"573.3467+"	"4h"	""		"79212.465"	"96649.083"	"5p5.(2P*<3/2>).6p"	"2[3/2]"	"2"	"5p5.(2P*<3/2>).12d"	"2[5/2]*"	"3"		""	"L4739"	
"574.0170"	"0.0010"	"574.0148+"	"6"	""		"77269.145"	"94685.467"	"5p5.(2P*<3/2>).6p"	"2[1/2]"	"1"	"5p5.(2P*<3/2>).8d"	"2[3/2]*"	"1"		""	"L4739"	
"574.0730"	"0.0010"	"574.0732+"	"1h"	""		"79212.465"	"96627.017"	"5p5.(2P*<3/2>).6p"	"2[3/2]"	"2"	"5p5.(2P*<3/2>).12d"	"2[3/2]*"	"2"		""	"L4739"	
"574.8200"	"0.0010"	"574.818+"	"8h"	""		"78956.031"	"96348.03"	"5p5.(2P*<3/2>).6p"	"2[3/2]"	"1"	"5p5.(2P*<3/2>).11d"	"2[5/2]*"	"2"		""	"L4739"	
"575.4600"	"0.0010"	"575.460+"	"1h"	""		"78956.031"	"96328.62"	"5p5.(2P*<3/2>).6p"	"2[3/2]"	"1"	"5p5.(2P*<3/2>).11d"	"2[3/2]*"	"2"		""	"L4739"	
"579.2260"	"0.0010"	"579.225+"	"1h"	"9.0e+04"	C	"79212.465"	"96472.13"	"5p5.(2P*<3/2>).6p"	"2[3/2]"	"2"	"5p5.(2P*<3/2>).13s"	"2[3/2]*"	"2"		"T5818"	"L4739"	
"580.7311"	"0.0002"	"580.7303+"	"15"	""		"78119.798"	"95334.723"	"5p5.(2P*<3/2>).6p"	"2[5/2]"	"2"	"5p5.(2P*<3/2>).9d"	"2[5/2]*"	"3"		""	"L7292"	
"581.4505"	"0.0002"	"581.4505+"	"60"	""		"78119.798"	"95313.401"	"5p5.(2P*<3/2>).6p"	"2[5/2]"	"2"	"5p5.(2P*<3/2>).9d"	"2[5/2]*"	"2"		""	"L7292"	
"582.0520"	"0.0010"	"582.0498+"	"25"	"4.00e+05"	B+	"78403.061"	"95578.961"	"5p5.(2P*<3/2>).6p"	"2[5/2]"	"3"	"5p5.(2P*<3/2>).11s"	"2[3/2]*"	"2"		"T5818"	"L4739"	
"582.3890"	"0.0002"	"582.3887+"	"300"	""		"76196.767"	"93362.671"	"5p5.(2P*<1/2>).6s"	"2[1/2]*"	"0"	"5p5.(2P*<3/2>).5f"	"2[3/2]"	"1"		""	"L7292"	
"582.4800"	"0.0002"	"582.4801+"	"150"	""		"78119.798"	"95283.008"	"5p5.(2P*<3/2>).6p"	"2[5/2]"	"2"	"5p5.(2P*<3/2>).9d"	"2[7/2]*"	"3"		""	"L7292"	
"582.7720"	"0.0010"	"582.7719+"	"1"	""		"78119.798"	"95274.415"	"5p5.(2P*<3/2>).6p"	"2[5/2]"	"2"	"5p5.(2P*<3/2>).9d"	"2[3/2]*"	"2"		""	"L4739"	
"583.0630"	"0.0010"	"583.062+"	"20h"	""		"79212.465"	"96358.56"	"5p5.(2P*<3/2>).6p"	"2[3/2]"	"2"	"5p5.(2P*<3/2>).11d"	"2[5/2]*"	"3"		""	"L4739"	
"584.0830"	"0.0010"	"584.081+"	"4h"	""		"79212.465"	"96328.62"	"5p5.(2P*<3/2>).6p"	"2[3/2]"	"2"	"5p5.(2P*<3/2>).11d"	"2[3/2]*"	"2"		""	"L4739"	
"584.3430"	"0.0010"	"584.3393+"	"5"	""		"78119.798"	"95228.399"	"5p5.(2P*<3/2>).6p"	"2[5/2]"	"2"	"5p5.(2P*<3/2>).9d"	"2[1/2]*"	"1"		""	"L4739"	
"584.5460"	"0.0010"	"584.541+"	"1"	""		"79212.465"	"96315.16"	"5p5.(2P*<3/2>).6p"	"2[3/2]"	"2"	"5p5.(2P*<3/2>).11d"	"2[1/2]*"	"1"		""	"L4739"	
"584.6210"	"0.0010"	"584.618+"	"2"	""		"77185.041"	"94285.50"	"5p5.(2P*<1/2>).6s"	"2[1/2]*"	"1"	"5p5.(2P*<3/2>).9p"	"2[1/2]"	"0"		""	"L4739"	
"584.9850"	"0.0010"	"584.984+"	"3h"	""		"78956.031"	"96045.77"	"5p5.(2P*<3/2>).6p"	"2[3/2]"	"1"	"5p5.(2P*<3/2>).10d"	"2[3/2]*"	"1"		""	"L4739"	
"585.6509"	"0.0002"	"585.6509+"	"15"	""		"77269.145"	"94339.433"	"5p5.(2P*<3/2>).6p"	"2[1/2]"	"1"	"5p5.(2P*<3/2>).8d"	"2[5/2]*"	"2"		""	"L7292"	
"587.5018"	"0.0002"	"587.5019+"	"100"	""		"77269.145"	"94285.651"	"5p5.(2P*<3/2>).6p"	"2[1/2]"	"1"	"5p5.(2P*<3/2>).8d"	"2[3/2]*"	"2"		""	"L7292"	
"587.8920"	"0.0010"	"587.893+"	"6"	""		"77185.041"	"94190.24"	"5p5.(2P*<1/2>).6s"	"2[1/2]*"	"1"	"5p5.(2P*<3/2>).9p"	"2[3/2]"	"2"		""	"L4739"	
"588.9120"	"0.0010"	"588.912+"	"20"	""		"78956.031"	"95931.80"	"5p5.(2P*<3/2>).6p"	"2[3/2]"	"1"	"5p5.(2P*<3/2>).10d"	"2[5/2]*"	"2"		""	"L4739"	
"589.4988"	"0.0002"	"589.4989+"	"100"	""		"77269.145"	"94228.004"	"5p5.(2P*<3/2>).6p"	"2[1/2]"	"1"	"5p5.(2P*<3/2>).8d"	"2[1/2]*"	"1"		""	"L7292"	
"589.5620"	"0.0010"	"589.5688+"	"2h"	""		"78956.031"	"95912.880"	"5p5.(2P*<3/2>).6p"	"2[3/2]"	"1"	"5p5.(2P*<3/2>).10d"	"2[1/2]*"	"1"		""	"L4739"	
"589.8560"	"0.0010"	"589.8569+"	"8"	""		"78956.031"	"95904.600"	"5p5.(2P*<3/2>).6p"	"2[3/2]"	"1"	"5p5.(2P*<3/2>).10d"	"2[3/2]*"	"2"		""	"L4739"	
"590.4462"	"0.0002"	"590.4459+"	"20"	""		"78403.061"	"95334.723"	"5p5.(2P*<3/2>).6p"	"2[5/2]"	"3"	"5p5.(2P*<3/2>).9d"	"2[5/2]*"	"3"		""	"L7292"	
"590.6760"	"0.0010"	"590.674+"	"3"	""		"77185.041"	"94110.15"	"5p5.(2P*<1/2>).6s"	"2[1/2]*"	"1"	"5p5.(2P*<3/2>).9p"	"2[5/2]"	"2"		""	"L4739"	
"591.1900"	"0.0010"	"591.1903+"	"5*"	""		"78403.061"	"95313.401"	"5p5.(2P*<3/2>).6p"	"2[5/2]"	"3"	"5p5.(2P*<3/2>).9d"	"2[5/2]*"	"2"		""	"L4739"	
"591.1900"	"0.0010"	"591.192+"	"5*"	""		"79212.465"	"96122.77"	"5p5.(2P*<3/2>).6p"	"2[3/2]"	"2"	"5p5.(2P*<3/2>).12s"	"2[3/2]*"	"1"		""	"L4739"	
"591.6650"	"0.0010"	"591.666+"	"4"	"1.30e+05"	B	"79212.465"	"96109.22"	"5p5.(2P*<3/2>).6p"	"2[3/2]"	"2"	"5p5.(2P*<3/2>).12s"	"2[3/2]*"	"2"		"T5818"	"L4739"	
"592.1850"	"0.0010"	"592.186+"	"10"	""		"77185.041"	"94066.95"	"5p5.(2P*<1/2>).6s"	"2[1/2]*"	"1"	"5p5.(2P*<3/2>).9p"	"2[1/2]"	"1"		""	"L4739"	
"592.2550"	"0.0002"	"592.2548+"	"20"	""		"78403.061"	"95283.008"	"5p5.(2P*<3/2>).6p"	"2[5/2]"	"3"	"5p5.(2P*<3/2>).9d"	"2[7/2]*"	"3"		""	"L7292"	
"592.5560"	"0.0010"	"592.5565+"	"6"	""		"78403.061"	"95274.415"	"5p5.(2P*<3/2>).6p"	"2[5/2]"	"3"	"5p5.(2P*<3/2>).9d"	"2[3/2]*"	"2"		""	"L4739"	
"593.1241"	"0.0002"	"593.1245+"	"80"	""		"77269.145"	"94124.342"	"5p5.(2P*<3/2>).6p"	"2[1/2]"	"1"	"5p5.(2P*<3/2>).8d"	"2[1/2]*"	"0"		""	"L7292"	
"593.4172"	"0.0002"	"593.4169+"	"100"	""		"78403.061"	"95249.953"	"5p5.(2P*<3/2>).6p"	"2[5/2]"	"3"	"5p5.(2P*<3/2>).9d"	"2[7/2]*"	"4"		""	"L7292"	
"596.328"	"0.020"	"596.318+"	"4"	""		"78956.031"	"95720.95"	"5p5.(2P*<3/2>).6p"	"2[3/2]"	"1"	"5p5.(2P*<1/2>).7s"	"2[1/2]*"	"0"		""	"L4093c2"	
"597.2820"	"0.0010"	"597.28+"	"1h"	""		"79986.618"	"96724.5"	"5p5.(2P*<3/2>).5d"	"2[1/2]*"	"1"	"5p5.(2P*<3/2>).10f"	"2[3/2]"	"1"		""	"L4739"	
"597.4152"	"0.0002"	"597.4161+"	"40"	""		"79212.465"	"95946.582"	"5p5.(2P*<3/2>).6p"	"2[3/2]"	"2"	"5p5.(2P*<3/2>).10d"	"2[5/2]*"	"3"		""	"L7292"	
"597.8290"	"0.0010"	"597.828+"	"2"	""		"80196.629"	"96919.21"	"5p5.(2P*<3/2>).5d"	"2[7/2]*"	"4"	"5p5.(2P*<3/2>).11f"	"2[9/2]"	"5"		""	"L4739"	
"597.9420"	"0.0010"	"597.944+"	"1"	""		"79212.465"	"95931.80"	"5p5.(2P*<3/2>).6p"	"2[3/2]"	"2"	"5p5.(2P*<3/2>).10d"	"2[5/2]*"	"2"		""	"L4739"	
"598.6230"	"0.0010"	"598.6217+"	"4"	""		"79212.465"	"95912.880"	"5p5.(2P*<3/2>).6p"	"2[3/2]"	"2"	"5p5.(2P*<3/2>).10d"	"2[1/2]*"	"1"		""	"L4739"	
"598.9180"	"0.0010"	"598.9186+"	"30"	""		"79212.465"	"95904.600"	"5p5.(2P*<3/2>).6p"	"2[3/2]"	"2"	"5p5.(2P*<3/2>).10d"	"2[3/2]*"	"2"		""	"L4739"	
"599.8115"	"0.0002"	"599.8116+"	"30"	"5.80e+05"	B+	"78119.798"	"94787.084"	"5p5.(2P*<3/2>).6p"	"2[5/2]"	"2"	"5p5.(2P*<3/2>).10s"	"2[3/2]*"	"1"		"T5818"	"L7292"	
"600.7909"	"0.0002"	"600.7905+"	"15"	"1.60e+05"	B+	"78119.798"	"94759.927"	"5p5.(2P*<3/2>).6p"	"2[5/2]"	"2"	"5p5.(2P*<3/2>).10s"	"2[3/2]*"	"2"		"T5818"	"L7292"	
"600.9780"	"0.0010"	"600.978+"	"8"	"2.10e+05"	B	"78956.031"	"95590.97"	"5p5.(2P*<3/2>).6p"	"2[3/2]"	"1"	"5p5.(2P*<3/2>).11s"	"2[3/2]*"	"1"		"T5818"	"L4739"	
"601.4100"	"0.0010"	"601.4121+"	"1h"	"1.3e+04"	C	"78956.031"	"95578.961"	"5p5.(2P*<3/2>).6p"	"2[3/2]"	"1"	"5p5.(2P*<3/2>).11s"	"2[3/2]*"	"2"		"T5818"	"L4739"	
"602.2890"	"0.0010"	"602.288+"	"1h-"	""		"80322.746"	"96921.51"	"5p5.(2P*<3/2>).5d"	"2[3/2]*"	"2"	"5p5.(2P*<3/2>).11f"	"2[5/2]"	"3"		""	"L4739"	
"602.6760"	"0.0010"	"602.6742+"	"4"	""		"79212.465"	"95800.584"	"5p5.(2P*<3/2>).6p"	"2[3/2]"	"2"	"5p5.(2P*<1/2>).7s"	"2[1/2]*"	"1"		""	"L4739"	
"602.978"	"0.020"	"602.98+"	"15*"	""		"88708.466"	"105288.2"	"5p5.(2P*<3/2>).6d"	"2[3/2]*"	"2"	"5p5.(2P*<1/2>).6f"	"2[5/2]"	"2"		""	"L4103"	
"602.978"	"0.020"	"602.98+"	"15*"	""		"88708.466"	"105288.2"	"5p5.(2P*<3/2>).6d"	"2[3/2]*"	"2"	"5p5.(2P*<1/2>).6f"	"2[5/2]"	"3"		""	"L4103"	
"603.1360"	"0.0010"	"603.136+"	"1h-"	""		"80118.962"	"96694.39"	"5p5.(2P*<3/2>).6p"	"2[1/2]"	"0"	"5p5.(2P*<3/2>).12d"	"2[3/2]*"	"1"		""	"L4739"	
"603.4920"	"0.0010"	"603.4910+"	"2"	""		"78119.798"	"94685.467"	"5p5.(2P*<3/2>).6p"	"2[5/2]"	"2"	"5p5.(2P*<3/2>).8d"	"2[3/2]*"	"1"		""	"L4739"	
"604.3380"	"0.0010"	"604.338+"	"10"	""		"78956.031"	"95498.48"	"5p5.(2P*<3/2>).6p"	"2[3/2]"	"1"	"5p5.(2P*<3/2>).9d"	"2[3/2]*"	"1"		""	"L4739"	
"604.8000"	"0.0010"	"604.799+"	"6h"	""		"80196.629"	"96726.47"	"5p5.(2P*<3/2>).5d"	"2[7/2]*"	"4"	"5p5.(2P*<3/2>).10f"	"2[9/2]"	"5"		""	"L4739"	
"606.4910"	"0.0010"	"606.489+"	"1h"	""		"79986.618"	"96470.39"	"5p5.(2P*<3/2>).5d"	"2[1/2]*"	"1"	"5p5.(2P*<3/2>).9f"	"2[5/2]"	"2"		""	"L4739"	
"606.7520"	"0.0010"	"606.751+"	"2h"	""		"79986.618"	"96463.27"	"5p5.(2P*<3/2>).5d"	"2[1/2]*"	"1"	"5p5.(2P*<3/2>).9f"	"2[3/2]"	"2"		""	"L4739"	
"606.7770"	"0.0010"	"606.775+"	"1h"	""		"79986.618"	"96462.63"	"5p5.(2P*<3/2>).5d"	"2[1/2]*"	"1"	"5p5.(2P*<3/2>).9f"	"2[3/2]"	"1"		""	"L4739"	
"609.3380"	"0.0010"	"609.337+"	"3"	""		"80322.746"	"96729.49"	"5p5.(2P*<3/2>).5d"	"2[3/2]*"	"2"	"5p5.(2P*<3/2>).10f"	"2[5/2]"	"3"		""	"L4739"	
"609.5150"	"0.0010"	"609.52+"	"1-"	""		"80322.746"	"96724.5"	"5p5.(2P*<3/2>).5d"	"2[3/2]*"	"2"	"5p5.(2P*<3/2>).10f"	"2[3/2]"	"1"		""	"L4739"	
"610.3880"	"0.0010"	"610.387+"	"3"	"1.20e+05"	B	"79212.465"	"95590.97"	"5p5.(2P*<3/2>).6p"	"2[3/2]"	"2"	"5p5.(2P*<3/2>).11s"	"2[3/2]*"	"1"		"T5818"	"L4739"	
"610.8370"	"0.0010"	"610.8352+"	"8"	"1.80e+05"	C+	"79212.465"	"95578.961"	"5p5.(2P*<3/2>).6p"	"2[3/2]"	"2"	"5p5.(2P*<3/2>).11s"	"2[3/2]*"	"2"		"T5818"	"L4739"	
"611.1761"	"0.0002"	"611.1760+"	"30"	""		"78956.031"	"95313.401"	"5p5.(2P*<3/2>).6p"	"2[3/2]"	"1"	"5p5.(2P*<3/2>).9d"	"2[5/2]*"	"2"		""	"L7292"	
"611.1951"	"0.0002"	"611.1949+"	"40"	"7.0e+05"	C	"78403.061"	"94759.927"	"5p5.(2P*<3/2>).6p"	"2[5/2]"	"3"	"5p5.(2P*<3/2>).10s"	"2[3/2]*"	"2"		"T5818"	"L7292"	
"611.4860"	"0.0010"	"611.485+"	"10"	""		"77269.145"	"93618.24"	"5p5.(2P*<3/2>).6p"	"2[1/2]"	"1"	"5p5.(2P*<1/2>).5d"	"2[3/2]*"	"1"		""	"L4739"	
"612.3910"	"0.0010"	"612.389+"	"5"	""		"79771.267"	"96096.25"	"5p5.(2P*<3/2>).5d"	"2[1/2]*"	"0"	"5p5.(2P*<3/2>).8f"	"2[3/2]"	"1"		""	"L4739"	
"612.6360"	"0.0010"	"612.6362+"	"15"	""		"78956.031"	"95274.415"	"5p5.(2P*<3/2>).6p"	"2[3/2]"	"1"	"5p5.(2P*<3/2>).9d"	"2[3/2]*"	"2"		""	"L4739"	
"613.1470"	"0.0010"	"613.146+"	"1"	""		"80118.962"	"96423.77"	"5p5.(2P*<3/2>).6p"	"2[1/2]"	"0"	"5p5.(2P*<3/2>).11d"	"2[3/2]*"	"1"		""	"L4739"	
"614.2130"	"0.0010"	"614.212+"	"1h"	""		"80196.629"	"96473.15"	"5p5.(2P*<3/2>).5d"	"2[7/2]*"	"4"	"5p5.(2P*<3/2>).9f"	"2[7/2]"	"4"		""	"L4739"	
"614.3700"	"0.0010"	"614.3687+"	"4"	""		"78956.031"	"95228.399"	"5p5.(2P*<3/2>).6p"	"2[3/2]"	"1"	"5p5.(2P*<3/2>).9d"	"2[1/2]*"	"1"		""	"L4739"	
"614.4970"	"0.0010"	"614.496+"	"20hw"	""		"80196.629"	"96465.63"	"5p5.(2P*<3/2>).5d"	"2[7/2]*"	"4"	"5p5.(2P*<3/2>).9f"	"2[9/2]"	"5"		""	"L4739"	
"615.2070"	"0.0002"	"615.2069+"	"20"	""		"78119.798"	"94369.995"	"5p5.(2P*<3/2>).6p"	"2[5/2]"	"2"	"5p5.(2P*<3/2>).8d"	"2[5/2]*"	"3"		""	"L7292"	
"616.2160"	"0.0010"	"616.2174+"	"3"	""		"78956.031"	"95179.580"	"5p5.(2P*<3/2>).6p"	"2[3/2]"	"1"	"5p5.(2P*<3/2>).9d"	"2[1/2]*"	"0"		""	"L4739"	
"616.3661"	"0.0002"	"616.3661+"	"90"	""		"78119.798"	"94339.433"	"5p5.(2P*<3/2>).6p"	"2[5/2]"	"2"	"5p5.(2P*<3/2>).8d"	"2[5/2]*"	"2"		""	"L7292"	
"616.3935"	"0.0002"	"616.3931+"	"80"	""		"77185.041"	"93403.966"	"5p5.(2P*<1/2>).6s"	"2[1/2]*"	"1"	"5p5.(2P*<3/2>).5f"	"2[5/2]"	"2"		""	"L7292"	
"617.8303"	"0.0002"	"617.8300+"	"150"	""		"77185.041"	"93366.245"	"5p5.(2P*<1/2>).6s"	"2[1/2]*"	"1"	"5p5.(2P*<3/2>).5f"	"2[3/2]"	"2"		""	"L7292"	
"617.9665"	"0.0002"	"617.9665+"	"120"	""		"77185.041"	"93362.671"	"5p5.(2P*<1/2>).6s"	"2[1/2]*"	"1"	"5p5.(2P*<3/2>).5f"	"2[3/2]"	"1"		""	"L7292"	
"618.2420"	"0.0002"	"618.2418+"	"300"	""		"78119.798"	"94290.225"	"5p5.(2P*<3/2>).6p"	"2[5/2]"	"2"	"5p5.(2P*<3/2>).8d"	"2[7/2]*"	"3"		""	"L7292"	
"618.4160"	"0.0010"	"618.4167+"	"3"	""		"78119.798"	"94285.651"	"5p5.(2P*<3/2>).6p"	"2[5/2]"	"2"	"5p5.(2P*<3/2>).8d"	"2[3/2]*"	"2"		""	"L4739"	
"618.9100"	"0.0010"	"618.9102+"	"20"	"1.30e+05"	B	"77269.145"	"93422.108"	"5p5.(2P*<3/2>).6p"	"2[1/2]"	"1"	"5p5.(2P*<3/2>).9s"	"2[3/2]*"	"1"		"T5818"	"L4739"	
"619.1400"	"0.0010"	"619.139+"	"4h"	""		"80322.746"	"96469.73"	"5p5.(2P*<3/2>).5d"	"2[3/2]*"	"2"	"5p5.(2P*<3/2>).9f"	"2[5/2]"	"3"		""	"L4739"	
"619.3890"	"0.0010"	"619.387+"	"1h"	""		"80322.746"	"96463.27"	"5p5.(2P*<3/2>).5d"	"2[3/2]*"	"2"	"5p5.(2P*<3/2>).9f"	"2[3/2]"	"2"		""	"L4739"	
"619.5490"	"0.0010"	"619.5494+"	"1"	""		"76196.767"	"92333.066"	"5p5.(2P*<1/2>).6s"	"2[1/2]*"	"0"	"5p5.(2P*<3/2>).8p"	"2[3/2]"	"1"		""	"L4739"	
"619.8260"	"0.0002"	"619.8256+"	"100"	"6.60e+05"	B+	"77269.145"	"93398.253"	"5p5.(2P*<3/2>).6p"	"2[1/2]"	"1"	"5p5.(2P*<3/2>).9s"	"2[3/2]*"	"2"		"T5818"	"L7292"	
"620.0892"	"0.0002"	"620.0889+"	"60"	""		"79212.465"	"95334.723"	"5p5.(2P*<3/2>).6p"	"2[3/2]"	"2"	"5p5.(2P*<3/2>).9d"	"2[5/2]*"	"3"		""	"L7292"	
"620.1490"	"0.0010"	"620.147+"	"3h"	""		"79986.618"	"96107.36"	"5p5.(2P*<3/2>).5d"	"2[1/2]*"	"1"	"5p5.(2P*<3/2>).8f"	"2[5/2]"	"2"		""	"L4739"	
"620.5350"	"0.0010"	"620.534+"	"6h"	""		"79986.618"	"96097.31"	"5p5.(2P*<3/2>).5d"	"2[1/2]*"	"1"	"5p5.(2P*<3/2>).8f"	"2[3/2]"	"2"		""	"L4739"	
"620.5750"	"0.0010"	"620.575+"	"4"	""		"79986.618"	"96096.25"	"5p5.(2P*<3/2>).5d"	"2[1/2]*"	"1"	"5p5.(2P*<3/2>).8f"	"2[3/2]"	"1"		""	"L4739"	
"620.6297"	"0.0002"	"620.6299+"	"20"	""		"78119.798"	"94228.004"	"5p5.(2P*<3/2>).6p"	"2[5/2]"	"2"	"5p5.(2P*<3/2>).8d"	"2[1/2]*"	"1"		""	"L7292"	
"620.9110"	"0.0010"	"620.9101+"	"3"	""		"79212.465"	"95313.401"	"5p5.(2P*<3/2>).6p"	"2[3/2]"	"2"	"5p5.(2P*<3/2>).9d"	"2[5/2]*"	"2"		""	"L4739"	
"622.0840"	"0.0010"	"622.0844+"	"1"	""		"79212.465"	"95283.008"	"5p5.(2P*<3/2>).6p"	"2[3/2]"	"2"	"5p5.(2P*<3/2>).9d"	"2[7/2]*"	"3"		""	"L4739"	
"622.4168"	"0.0002"	"622.4172+"	"40"	""		"79212.465"	"95274.415"	"5p5.(2P*<3/2>).6p"	"2[3/2]"	"2"	"5p5.(2P*<3/2>).9d"	"2[3/2]*"	"2"		""	"L7292"	
"623.081"	"0.020"	"623.08+"	"4*"	""		"89243.258"	"105288.2"	"5p5.(2P*<3/2>).6d"	"2[5/2]*"	"2"	"5p5.(2P*<1/2>).6f"	"2[7/2]"	"3"		""	"L4103"	
"623.081"	"0.020"	"623.08+"	"4*"	""		"89243.258"	"105288.2"	"5p5.(2P*<3/2>).6d"	"2[5/2]*"	"2"	"5p5.(2P*<1/2>).6f"	"2[5/2]"	"2"		""	"L4103"	
"624.2090"	"0.0010"	"624.2055+"	"8"	""		"79212.465"	"95228.399"	"5p5.(2P*<3/2>).6p"	"2[3/2]"	"2"	"5p5.(2P*<3/2>).9d"	"2[1/2]*"	"1"		""	"L4739"	
"626.1212"	"0.0002"	"626.1211+"	"50"	""		"78403.061"	"94369.995"	"5p5.(2P*<3/2>).6p"	"2[5/2]"	"3"	"5p5.(2P*<3/2>).8d"	"2[5/2]*"	"3"		""	"L7292"	
"626.5302"	"0.0002"	"626.52+"	"40*"	""		"80322.746"	"[96279.6]"	"5p5.(2P*<3/2>).5d"	"2[3/2]*"	"2"	"5p5.(2P*<3/2>).12p"	"2[1/2]"	"1"		""	"L7292"	
"626.5302"	"0.0002"	"626.5301+"	"40*"	""		"76196.767"	"92153.279"	"5p5.(2P*<1/2>).6s"	"2[1/2]*"	"0"	"5p5.(2P*<3/2>).8p"	"2[1/2]"	"1"		""	"L7292"	
"626.8340"	"0.0010"	"626.834+"	"1h"	""		"80970.438"	"96919.21"	"5p5.(2P*<3/2>).5d"	"2[7/2]*"	"3"	"5p5.(2P*<3/2>).11f"	"2[9/2]"	"4"		""	"L4739"	
"627.3230"	"0.0010"	"627.3219+"	"10"	""		"78403.061"	"94339.433"	"5p5.(2P*<3/2>).6p"	"2[5/2]"	"3"	"5p5.(2P*<3/2>).8d"	"2[5/2]*"	"2"		""	"L4739"	
"627.6990"	"0.0010"	"627.699+"	"4"	""		"80118.962"	"96045.77"	"5p5.(2P*<3/2>).6p"	"2[1/2]"	"0"	"5p5.(2P*<3/2>).10d"	"2[3/2]*"	"1"		""	"L4739"	
"628.1810"	"0.0010"	"628.180+"	"5h"	""		"80196.629"	"96111.24"	"5p5.(2P*<3/2>).5d"	"2[7/2]*"	"4"	"5p5.(2P*<3/2>).8f"	"2[7/2]"	"4"		""	"L4739"	
"628.6011"	"0.0002"	"628.600+"	"100"	""		"80196.629"	"96100.60"	"5p5.(2P*<3/2>).5d"	"2[7/2]*"	"4"	"5p5.(2P*<3/2>).8f"	"2[9/2]"	"5"		""	"L7292"	
"629.2649"	"0.0002"	"629.2649+"	"50"	""		"78403.061"	"94290.225"	"5p5.(2P*<3/2>).6p"	"2[5/2]"	"3"	"5p5.(2P*<3/2>).8d"	"2[7/2]*"	"3"		""	"L7292"	
"629.4450"	"0.0010"	"629.4462+"	"15"	""		"78403.061"	"94285.651"	"5p5.(2P*<3/2>).6p"	"2[5/2]"	"3"	"5p5.(2P*<3/2>).8d"	"2[3/2]*"	"2"		""	"L4739"	
"631.4970"	"0.0010"	"631.4953+"	"15"	"3.10e+05"	B+	"78956.031"	"94787.084"	"5p5.(2P*<3/2>).6p"	"2[3/2]"	"1"	"5p5.(2P*<3/2>).10s"	"2[3/2]*"	"1"		"T5818"	"L4739"	
"631.8062"	"0.0002"	"631.8063+"	"500"	""		"78403.061"	"94226.320"	"5p5.(2P*<3/2>).6p"	"2[5/2]"	"3"	"5p5.(2P*<3/2>).8d"	"2[7/2]*"	"4"		""	"L7292"	
"632.5810"	"0.0010"	"632.5804+"	"2"	"2.1e+04"	C	"78956.031"	"94759.927"	"5p5.(2P*<3/2>).6p"	"2[3/2]"	"1"	"5p5.(2P*<3/2>).10s"	"2[3/2]*"	"2"		"T5818"	"L4739"	
"633.1500"	"0.0010"	"633.1449+"	"20"	""		"79771.267"	"95561.074"	"5p5.(2P*<3/2>).5d"	"2[1/2]*"	"0"	"5p5.(2P*<3/2>).7f"	"2[3/2]"	"1"		""	"L4739"	
"633.3970"	"0.0010"	"633.395+"	"40hl"	""		"80322.746"	"96106.31"	"5p5.(2P*<3/2>).5d"	"2[3/2]*"	"2"	"5p5.(2P*<3/2>).8f"	"2[5/2]"	"3"		""	"L4739"	
"633.7580"	"0.0010"	"633.757+"	"8hl"	""		"80322.746"	"96097.31"	"5p5.(2P*<3/2>).5d"	"2[3/2]*"	"2"	"5p5.(2P*<3/2>).8f"	"2[3/2]"	"2"		""	"L4739"	
"634.4980"	"0.0010"	"634.499+"	"2h"	""		"80970.438"	"96726.56"	"5p5.(2P*<3/2>).5d"	"2[7/2]*"	"3"	"5p5.(2P*<3/2>).10f"	"2[9/2]"	"4"		""	"L4739"	
"635.5770"	"0.0010"	"635.5750+"	"20"	""		"78956.031"	"94685.467"	"5p5.(2P*<3/2>).6p"	"2[3/2]"	"1"	"5p5.(2P*<3/2>).8d"	"2[3/2]*"	"1"		""	"L4739"	
"638.324"	"0.013"	"638.330+"	""	""		"80196.629"	"95858.18"	"5p5.(2P*<3/2>).5d"	"2[7/2]*"	"4"	"5p5.(2P*<3/2>).11p"	"2[5/2]"	"3"		""	"L11704"	
"640.705"	"0.013"	"640.70+"	""	""		"81925.514"	"97529.2"	"5p5.(2P*<3/2>).5d"	"2[5/2]*"	"2"	"5p5.(2P*<3/2>).19f"	"2[5/2]"	"2"		""	"L11704"	
"641.2380"	"0.0010"	"641.236+"	"10"	""		"79986.618"	"95577.20"	"5p5.(2P*<3/2>).5d"	"2[1/2]*"	"1"	"5p5.(2P*<3/2>).7f"	"2[5/2]"	"2"		""	"L4739"	
"641.8410"	"0.0010"	"641.8389+"	"30"	""		"79986.618"	"95562.546"	"5p5.(2P*<3/2>).5d"	"2[1/2]*"	"1"	"5p5.(2P*<3/2>).7f"	"2[3/2]"	"2"		""	"L4739"	
""	""	"641.8929+"	""	"2.3e+05"	C+	"79212.465"	"94787.084"	"5p5.(2P*<3/2>).6p"	"2[3/2]"	"2"	"5p5.(2P*<3/2>).10s"	"2[3/2]*"	"1"		"T5818"	""	
"641.8980"	"0.0010"	"641.8996+"	"30h"	""		"79986.618"	"95561.074"	"5p5.(2P*<3/2>).5d"	"2[1/2]*"	"1"	"5p5.(2P*<3/2>).7f"	"2[3/2]"	"1"		""	"L4739"	
"642.133"	"0.013"	"642.13+"	""	""		"81925.514"	"97494.3"	"5p5.(2P*<3/2>).5d"	"2[5/2]*"	"2"	"5p5.(2P*<3/2>).18f"	"2[5/2]"	"2"		""	"L11704"	
"643.0155"	"0.0002"	"643.0141+"	"20"	"3.00e+05"	B+	"79212.465"	"94759.927"	"5p5.(2P*<3/2>).6p"	"2[3/2]"	"2"	"5p5.(2P*<3/2>).10s"	"2[3/2]*"	"2"		"T5818"	"L7292"	
"643.501"	"0.013"	"643.512+"	""	""		"80322.746"	"95858.18"	"5p5.(2P*<3/2>).5d"	"2[3/2]*"	"2"	"5p5.(2P*<3/2>).11p"	"2[5/2]"	"3"		""	"L11704"	
"643.832"	"0.013"	"643.83+"	""	""		"81925.514"	"97453.2"	"5p5.(2P*<3/2>).5d"	"2[5/2]*"	"2"	"5p5.(2P*<3/2>).17f"	"2[5/2]"	"2"		""	"L11704"	
"643.890"	"0.013"	"643.91+"	""	""		"80322.746"	"[95848.6]"	"5p5.(2P*<3/2>).5d"	"2[3/2]*"	"2"	"5p5.(2P*<3/2>).11p"	"2[5/2]"	"2"		""	"L11704"	
"644.8700"	"0.0010"	"644.870+"	"2h*"	""		"80970.438"	"96473.15"	"5p5.(2P*<3/2>).5d"	"2[7/2]*"	"3"	"5p5.(2P*<3/2>).9f"	"2[7/2]"	"4"		""	"L4739"	
"644.8700"	"0.0010"	"644.870+"	"2h*"	""		"80970.438"	"96473.15"	"5p5.(2P*<3/2>).5d"	"2[7/2]*"	"3"	"5p5.(2P*<3/2>).9f"	"2[7/2]"	"3"		""	"L4739"	
"645.0480"	"0.0010"	"645.048+"	"7"	""		"78119.798"	"93618.24"	"5p5.(2P*<3/2>).6p"	"2[5/2]"	"2"	"5p5.(2P*<1/2>).5d"	"2[3/2]*"	"1"		""	"L4739"	
"645.1790"	"0.0010"	"645.179+"	"10hl"	""		"80970.438"	"96465.72"	"5p5.(2P*<3/2>).5d"	"2[7/2]*"	"3"	"5p5.(2P*<3/2>).9f"	"2[9/2]"	"4"		""	"L4739"	
"645.871"	"0.013"	"645.89+"	""	""		"81925.514"	"97403.8"	"5p5.(2P*<3/2>).5d"	"2[5/2]*"	"2"	"5p5.(2P*<3/2>).16f"	"2[5/2]"	"2"		""	"L11704"	
"646.1500"	"0.0010"	"646.150+"	"3"	"1.20e+05"	C+	"80118.962"	"95590.97"	"5p5.(2P*<3/2>).6p"	"2[1/2]"	"0"	"5p5.(2P*<3/2>).11s"	"2[3/2]*"	"1"		"T5818"	"L4739"	
"646.9705"	"0.0002"	"646.9705+"	"300"	""		"77269.145"	"92721.530"	"5p5.(2P*<3/2>).6p"	"2[1/2]"	"1"	"5p5.(2P*<3/2>).7d"	"2[3/2]*"	"2"		""	"L7292"	
"647.2841"	"0.0002"	"647.2843+"	"150"	""		"77269.145"	"92714.038"	"5p5.(2P*<3/2>).6p"	"2[1/2]"	"1"	"5p5.(2P*<3/2>).7d"	"2[3/2]*"	"1"		""	"L7292"	
"648.363"	"0.013"	"648.37+"	""	""		"81925.514"	"97344.5"	"5p5.(2P*<3/2>).5d"	"2[5/2]*"	"2"	"5p5.(2P*<3/2>).15f"	"2[5/2]"	"2"		""	"L11704"	
"648.7765"	"0.0002"	"648.7765+"	"120"	"9.40e+05"	B	"77269.145"	"92678.516"	"5p5.(2P*<3/2>).6p"	"2[1/2]"	"1"	"5p5.(2P*<3/2>).7d"	"2[5/2]*"	"2"		"T5099"	"L7292"	
"649.7430"	"0.0010"	"649.740+"	"30hl"	""		"80196.629"	"95583.16"	"5p5.(2P*<3/2>).5d"	"2[7/2]*"	"4"	"5p5.(2P*<3/2>).7f"	"2[7/2]"	"4"		""	"L4739"	
"649.8717"	"0.0002"	"649.8717+"	"100"	""		"78956.031"	"94339.433"	"5p5.(2P*<3/2>).6p"	"2[3/2]"	"1"	"5p5.(2P*<3/2>).8d"	"2[5/2]*"	"2"		""	"L7292"	
"650.0370"	"0.0010"	"650.0437+"	"15*"	""		"80196.629"	"95575.960"	"5p5.(2P*<3/2>).5d"	"2[7/2]*"	"4"	"5p5.(2P*<3/2>).7f"	"2[5/2]"	"3"		""	"L4739"	
"650.0370"	"0.0010"	"650.036+"	"15*"	""		"80118.962"	"95498.48"	"5p5.(2P*<3/2>).6p"	"2[1/2]"	"0"	"5p5.(2P*<3/2>).9d"	"2[3/2]*"	"1"		""	"L4739"	
"650.4180"	"0.0010"	"650.417+"	"200h"	""		"80196.629"	"95567.14"	"5p5.(2P*<3/2>).5d"	"2[7/2]*"	"4"	"5p5.(2P*<3/2>).7f"	"2[9/2]"	"5"		""	"L4739"	
"650.438"	"0.013"	"650.4344+"	""	""		"77185.041"	"92555.135"	"5p5.(2P*<1/2>).6s"	"2[1/2]*"	"1"	"5p5.(2P*<3/2>).8p"	"2[1/2]"	"0"		""	"L11704"	
"650.7500"	"0.0010"	"650.7493+"	""	""		"67067.547"	"82430.204"	"5p5.(2P*<3/2>).6s"	"2[3/2]*"	"2"	"5p5.(2P*<3/2>).5d"	"2[5/2]*"	"3"	M1	""	"L4739"	
"652.1508"	"0.0002"	"652.1517+"	"40"	""		"78956.031"	"94285.651"	"5p5.(2P*<3/2>).6p"	"2[3/2]"	"1"	"5p5.(2P*<3/2>).8d"	"2[3/2]*"	"2"		""	"L7292"	
"653.3159"	"0.0002"	"653.3156+"	"100"	"1.03e+06"	B+	"78119.798"	"93422.108"	"5p5.(2P*<3/2>).6p"	"2[5/2]"	"2"	"5p5.(2P*<3/2>).9s"	"2[3/2]*"	"1"		"T5818"	"L7292"	
"654.3360"	"0.0002"	"654.3357+"	"40"	"2.70e+05"	B+	"78119.798"	"93398.253"	"5p5.(2P*<3/2>).6p"	"2[5/2]"	"2"	"5p5.(2P*<3/2>).9s"	"2[3/2]*"	"2"		"T5818"	"L7292"	
"654.6120"	"0.0010"	"654.6134+"	"20"	""		"78956.031"	"94228.004"	"5p5.(2P*<3/2>).6p"	"2[3/2]"	"1"	"5p5.(2P*<3/2>).8d"	"2[1/2]*"	"1"		""	"L4739"	
"655.260"	"0.013"	"655.26+"	""	""		"81925.514"	"97182.4"	"5p5.(2P*<3/2>).5d"	"2[5/2]*"	"2"	"5p5.(2P*<3/2>).13f"	"2[7/2]"	"3"		""	"L11704"	
"655.299"	"0.013"	"655.30+"	""	""		"81925.514"	"97181.5"	"5p5.(2P*<3/2>).5d"	"2[5/2]*"	"2"	"5p5.(2P*<3/2>).13f"	"2[5/2]"	"2"		""	"L11704"	
"655.3660"	"0.0010"	"655.365+"	"4"	""		"80322.746"	"95577.20"	"5p5.(2P*<3/2>).5d"	"2[3/2]*"	"2"	"5p5.(2P*<3/2>).7f"	"2[5/2]"	"2"		""	"L4739"	
"655.4196"	"0.0002"	"655.4185+"	"50hl"	""		"80322.746"	"95575.960"	"5p5.(2P*<3/2>).5d"	"2[3/2]*"	"2"	"5p5.(2P*<3/2>).7f"	"2[5/2]"	"3"		""	"L7292"	
"655.862"	"0.013"	"655.859+"	""	""		"79986.618"	"95229.59"	"5p5.(2P*<3/2>).5d"	"2[1/2]*"	"1"	"5p5.(2P*<3/2>).10p"	"2[3/2]"	"2"		""	"L11704"	
"655.9970"	"0.0010"	"655.9954+"	"25"	""		"80322.746"	"95562.546"	"5p5.(2P*<3/2>).5d"	"2[3/2]*"	"2"	"5p5.(2P*<3/2>).7f"	"2[3/2]"	"2"		""	"L4739"	
"656.0650"	"0.0010"	"656.0587+"	"4h"	""		"80322.746"	"95561.074"	"5p5.(2P*<3/2>).5d"	"2[3/2]*"	"2"	"5p5.(2P*<3/2>).7f"	"2[3/2]"	"1"		""	"L4739"	
"656.839"	"0.020"	"656.86+"	"30"	""		"88708.466"	"103928.2"	"5p5.(2P*<3/2>).6d"	"2[3/2]*"	"2"	"5p5.(2P*<1/2>).5f"	"2[5/2]"	"3"		""	"L4103"	
"658.3270"	"0.0010"	"658.3245+"	"20"	""		"77185.041"	"92370.923"	"5p5.(2P*<1/2>).6s"	"2[1/2]*"	"1"	"5p5.(2P*<3/2>).8p"	"2[3/2]"	"2"		""	"L4739"	
"659.0860"	"0.0010"	"659.0871+"	"8"	""		"78956.031"	"94124.342"	"5p5.(2P*<3/2>).6p"	"2[3/2]"	"1"	"5p5.(2P*<3/2>).8d"	"2[1/2]*"	"0"		""	"L4739"	
"659.327"	"0.013"	"659.33+"	""	""		"83889.971"	"99052.8"	"5p5.(2P*<3/2>).5d"	"2[3/2]*"	"1"	"5p5.(2P*<1/2>).7p"	"2[1/2]"	"1"		""	"L11704"	
"659.5561"	"0.0002"	"659.5559+"	"100"	""		"79212.465"	"94369.995"	"5p5.(2P*<3/2>).6p"	"2[3/2]"	"2"	"5p5.(2P*<3/2>).8d"	"2[5/2]*"	"3"		""	"L7292"	
"659.971"	"0.013"	"659.9698+"	""	""		"77185.041"	"92333.066"	"5p5.(2P*<1/2>).6s"	"2[1/2]*"	"1"	"5p5.(2P*<3/2>).8p"	"2[3/2]"	"1"		""	"L11704"	
"660.158"	"0.013"	"660.16+"	""	""		"81925.514"	"97069.2"	"5p5.(2P*<3/2>).5d"	"2[5/2]*"	"2"	"5p5.(2P*<3/2>).12f"	"2[7/2]"	"3"		""	"L11704"	
"660.206"	"0.013"	"660.21+"	""	""		"81925.514"	"97068.1"	"5p5.(2P*<3/2>).5d"	"2[5/2]*"	"2"	"5p5.(2P*<3/2>).12f"	"2[5/2]"	"2"		""	"L11704"	
"660.2870"	"0.0010"	"660.288+"	"4h*"	""		"80970.438"	"96111.17"	"5p5.(2P*<3/2>).5d"	"2[7/2]*"	"3"	"5p5.(2P*<3/2>).8f"	"2[7/2]"	"3"		""	"L4739"	
"660.2870"	"0.0010"	"660.285+"	"4h*"	""		"80970.438"	"96111.24"	"5p5.(2P*<3/2>).5d"	"2[7/2]*"	"3"	"5p5.(2P*<3/2>).8f"	"2[7/2]"	"4"		""	"L4739"	
"660.446"	"0.013"	"660.454+"	""	""		"80970.438"	"96107.36"	"5p5.(2P*<3/2>).5d"	"2[7/2]*"	"3"	"5p5.(2P*<3/2>).8f"	"2[5/2]"	"2"		""	"L11704"	
"660.498"	"0.013"	"660.500+"	""	""		"80970.438"	"96106.31"	"5p5.(2P*<3/2>).5d"	"2[7/2]*"	"3"	"5p5.(2P*<3/2>).8f"	"2[5/2]"	"3"		""	"L11704"	
"660.7410"	"0.0010"	"660.742+"	"30h"	""		"80970.438"	"96100.75"	"5p5.(2P*<3/2>).5d"	"2[7/2]*"	"3"	"5p5.(2P*<3/2>).8f"	"2[9/2]"	"4"		""	"L4739"	
"660.8870"	"0.0010"	"660.8885+"	"10"	""		"79212.465"	"94339.433"	"5p5.(2P*<3/2>).6p"	"2[3/2]"	"2"	"5p5.(2P*<3/2>).8d"	"2[5/2]*"	"2"		""	"L4739"	
"662.108"	"0.013"	"662.11+"	""	""		"82430.204"	"97529.2"	"5p5.(2P*<3/2>).5d"	"2[5/2]*"	"3"	"5p5.(2P*<3/2>).19f"	"2[5/2]"	"2"		""	"L11704"	
"663.0440"	"0.0010"	"663.0454+"	"2"	""		"79212.465"	"94290.225"	"5p5.(2P*<3/2>).6p"	"2[3/2]"	"2"	"5p5.(2P*<3/2>).8d"	"2[7/2]*"	"3"		""	"L4739"	
"663.2464"	"0.0002"	"663.2466+"	"50"	""		"79212.465"	"94285.651"	"5p5.(2P*<3/2>).6p"	"2[3/2]"	"2"	"5p5.(2P*<3/2>).8d"	"2[3/2]*"	"2"		""	"L7292"	
"663.638"	"0.013"	"663.65+"	""	""		"82430.204"	"97494.3"	"5p5.(2P*<3/2>).5d"	"2[5/2]*"	"3"	"5p5.(2P*<3/2>).18f"	"2[5/2]"	"2"		""	"L11704"	
"664.8750"	"0.0010"	"664.8727+"	"3"	""		"77185.041"	"92221.362"	"5p5.(2P*<1/2>).6s"	"2[1/2]*"	"1"	"5p5.(2P*<3/2>).8p"	"2[5/2]"	"2"		""	"L4739"	
"665.467"	"0.013"	"665.46+"	""	""		"82430.204"	"97453.2"	"5p5.(2P*<3/2>).5d"	"2[5/2]*"	"3"	"5p5.(2P*<3/2>).17f"	"2[5/2]"	"2"		""	"L11704"	
"665.7920"	"0.0010"	"665.7929+"	"20"	""		"79212.465"	"94228.004"	"5p5.(2P*<3/2>).6p"	"2[3/2]"	"2"	"5p5.(2P*<3/2>).8d"	"2[1/2]*"	"1"		""	"L4739"	
"666.4850"	"0.0010"	"666.487+"	"4"	""		"80196.629"	"95196.53"	"5p5.(2P*<3/2>).5d"	"2[7/2]*"	"4"	"5p5.(2P*<3/2>).10p"	"2[5/2]"	"3"		""	"L4739"	
"666.567"	"0.013"	"666.57+"	""	""		"81925.514"	"96923.6"	"5p5.(2P*<3/2>).5d"	"2[5/2]*"	"2"	"5p5.(2P*<3/2>).11f"	"2[7/2]"	"3"		""	"L11704"	
"666.629"	"0.013"	"666.63+"	""	""		"81925.514"	"96922.2"	"5p5.(2P*<3/2>).5d"	"2[5/2]*"	"2"	"5p5.(2P*<3/2>).11f"	"2[5/2]"	"2"		""	"L11704"	
"666.6965"	"0.0002"	"666.6963+"	"60"	"1.10e+06"	B+	"78403.061"	"93398.253"	"5p5.(2P*<3/2>).6p"	"2[5/2]"	"3"	"5p5.(2P*<3/2>).9s"	"2[3/2]*"	"2"		"T5818"	"L7292"	
"666.8920"	"0.0002"	"666.8923+"	"150"	""		"77269.145"	"92259.931"	"5p5.(2P*<3/2>).6p"	"2[1/2]"	"1"	"5p5.(2P*<3/2>).7d"	"2[1/2]*"	"0"		""	"L7292"	
"667.653"	"0.013"	"667.66+"	""	""		"82430.204"	"97403.8"	"5p5.(2P*<3/2>).5d"	"2[5/2]*"	"3"	"5p5.(2P*<3/2>).16f"	"2[5/2]"	"2"		""	"L11704"	
"667.8972"	"0.0002"	"667.8969+"	"25"	""		"77185.041"	"92153.279"	"5p5.(2P*<1/2>).6s"	"2[1/2]*"	"1"	"5p5.(2P*<3/2>).8p"	"2[1/2]"	"1"		""	"L7292"	
"668.1036"	"0.0002"	"668.1032+"	"20"	""		"79771.267"	"94734.882"	"5p5.(2P*<3/2>).5d"	"2[1/2]*"	"0"	"5p5.(2P*<3/2>).6f"	"2[3/2]"	"1"		""	"L7292"	
"668.479"	"0.020"	"668.48+"	"30*"	""		"91152.670"	"106107.8"	"5p5.(2P*<1/2>).5d"	"2[5/2]*"	"2"	"5p5.(2P*<1/2>).7f"	"2[7/2]"	"3"		""	"L4103"	
"668.479"	"0.020"	"668.48+"	"30*"	""		"91152.670"	"106107.8"	"5p5.(2P*<1/2>).5d"	"2[5/2]*"	"2"	"5p5.(2P*<1/2>).7f"	"2[5/2]"	"2"		""	"L4103"	
"670.326"	"0.013"	"670.31+"	""	""		"82430.204"	"97344.5"	"5p5.(2P*<3/2>).5d"	"2[5/2]*"	"3"	"5p5.(2P*<3/2>).15f"	"2[5/2]"	"2"		""	"L11704"	
"670.362"	"0.013"	"670.38+"	""	""		"82430.204"	"97342.9"	"5p5.(2P*<3/2>).5d"	"2[5/2]*"	"3"	"5p5.(2P*<3/2>).15f"	"2[3/2]"	"2"		""	"L11704"	
"670.546"	"0.013"	"670.552+"	""	""		"80970.438"	"95879.40"	"5p5.(2P*<3/2>).5d"	"2[7/2]*"	"3"	"5p5.(2P*<3/2>).11p"	"2[3/2]"	"2"		""	"L11704"	
"670.6460"	"0.0010"	"670.648+"	"1"	""		"80322.746"	"95229.59"	"5p5.(2P*<3/2>).5d"	"2[3/2]*"	"2"	"5p5.(2P*<3/2>).10p"	"2[3/2]"	"2"		""	"L4739"	
"670.825"	"0.020"	"670.81+"	"3*"	""		"89024.890"	"103928.2"	"5p5.(2P*<3/2>).6d"	"2[7/2]*"	"3"	"5p5.(2P*<1/2>).5f"	"2[7/2]"	"4"		""	"L4103"	
"670.825"	"0.020"	"670.81+"	"3*"	""		"89024.890"	"103928.2"	"5p5.(2P*<3/2>).6d"	"2[7/2]*"	"3"	"5p5.(2P*<1/2>).5f"	"2[5/2]"	"3"		""	"L4103"	
"670.825"	"0.020"	"670.81+"	"3*"	""		"89024.890"	"103928.2"	"5p5.(2P*<3/2>).6d"	"2[7/2]*"	"3"	"5p5.(2P*<1/2>).5f"	"2[7/2]"	"3"		""	"L4103"	
"671.293"	"0.020"	"671.29+"	"3*"	""		"91746.564"	"106639.1"	"5p5.(2P*<1/2>).5d"	"2[5/2]*"	"3"	"5p5.(2P*<1/2>).8f"	"2[5/2]"	"2"		""	"L4103"	
"671.293"	"0.020"	"671.29+"	"3*"	""		"91746.564"	"106639.1"	"5p5.(2P*<1/2>).5d"	"2[5/2]*"	"3"	"5p5.(2P*<1/2>).8f"	"2[7/2]"	"3"		""	"L4103"	
"671.293"	"0.020"	"671.29+"	"3*"	""		"91746.564"	"106639.1"	"5p5.(2P*<1/2>).5d"	"2[5/2]*"	"3"	"5p5.(2P*<1/2>).8f"	"2[5/2]"	"3"		""	"L4103"	
"671.939"	"0.013"	"671.94+"	""	""		"80970.438"	"[95848.6]"	"5p5.(2P*<3/2>).5d"	"2[7/2]*"	"3"	"5p5.(2P*<3/2>).11p"	"2[5/2]"	"2"		""	"L11704"	
"672.138"	"0.013"	"672.138+"	""	""		"80322.746"	"95196.53"	"5p5.(2P*<3/2>).5d"	"2[3/2]*"	"2"	"5p5.(2P*<3/2>).10p"	"2[5/2]"	"3"		""	"L11704"	
"672.8008"	"0.0002"	"672.8006+"	"200"	""		"77269.145"	"92128.287"	"5p5.(2P*<3/2>).6p"	"2[1/2]"	"1"	"5p5.(2P*<3/2>).7d"	"2[1/2]*"	"1"		""	"L7292"	
"672.857"	"0.013"	"672.8538+"	"f"	""		"67067.547"	"81925.514"	"5p5.(2P*<3/2>).6s"	"2[3/2]*"	"2"	"5p5.(2P*<3/2>).5d"	"2[5/2]*"	"2"	M1	""	"L11704"	
"673.614"	"0.013"	"673.61+"	""	""		"82430.204"	"97271.4"	"5p5.(2P*<3/2>).5d"	"2[5/2]*"	"3"	"5p5.(2P*<3/2>).14f"	"2[5/2]"	"2"		""	"L11704"	
"673.650"	"0.013"	"673.68+"	""	""		"82430.204"	"97270.0"	"5p5.(2P*<3/2>).5d"	"2[5/2]*"	"3"	"5p5.(2P*<3/2>).14f"	"2[3/2]"	"2"		""	"L11704"	
"675.193"	"0.013"	"675.19+"	""	""		"81925.514"	"96732.0"	"5p5.(2P*<3/2>).5d"	"2[5/2]*"	"2"	"5p5.(2P*<3/2>).10f"	"2[7/2]"	"3"		""	"L11704"	
"675.279"	"0.013"	"675.28+"	""	""		"81925.514"	"96730.1"	"5p5.(2P*<3/2>).5d"	"2[5/2]*"	"2"	"5p5.(2P*<3/2>).10f"	"2[5/2]"	"2"		""	"L11704"	
"676.7120"	"0.0010"	"676.7093+"	"10"	""		"79986.618"	"94759.935"	"5p5.(2P*<3/2>).5d"	"2[1/2]*"	"1"	"5p5.(2P*<3/2>).6f"	"2[5/2]"	"2"		""	"L4739"	
"677.7570"	"0.0010"	"677.7559+"	"50"	""		"79986.618"	"94737.121"	"5p5.(2P*<3/2>).5d"	"2[1/2]*"	"1"	"5p5.(2P*<3/2>).6f"	"2[3/2]"	"2"		""	"L4739"	
"677.8600"	"0.0010"	"677.8588+"	"40"	""		"79986.618"	"94734.882"	"5p5.(2P*<3/2>).5d"	"2[1/2]*"	"1"	"5p5.(2P*<3/2>).6f"	"2[3/2]"	"1"		""	"L4739"	
"680.812"	"0.020"	"680.78+"	"5"	""		"89243.258"	"103928.2"	"5p5.(2P*<3/2>).6d"	"2[5/2]*"	"2"	"5p5.(2P*<1/2>).5f"	"2[7/2]"	"3"		""	"L4103"	
"681.5640"	"0.0010"	"681.5624+"	"12"	"2.10e+05"	B+	"80118.962"	"94787.084"	"5p5.(2P*<3/2>).6p"	"2[1/2]"	"0"	"5p5.(2P*<3/2>).10s"	"2[3/2]*"	"1"		"T5818"	"L4739"	
"681.8380"	"0.0010"	"681.837+"	"15"	""		"78956.031"	"93618.24"	"5p5.(2P*<3/2>).6p"	"2[3/2]"	"1"	"5p5.(2P*<1/2>).5d"	"2[3/2]*"	"1"		""	"L4739"	
"682.7315"	"0.0002"	"682.7313+"	"200"	""		"76196.767"	"90839.777"	"5p5.(2P*<1/2>).6s"	"2[1/2]*"	"0"	"5p5.(2P*<3/2>).4f"	"2[3/2]"	"1"		""	"L7292"	
"684.0960"	"0.0010"	"684.0960+"	"8"	""		"78119.798"	"92733.597"	"5p5.(2P*<3/2>).6p"	"2[5/2]"	"2"	"5p5.(2P*<3/2>).7d"	"2[5/2]*"	"3"		""	"L4739"	
"684.1500"	"0.0010"	"684.146+"	"20*"	""		"80970.438"	"95583.16"	"5p5.(2P*<3/2>).5d"	"2[7/2]*"	"3"	"5p5.(2P*<3/2>).7f"	"2[7/2]"	"4"		""	"L4739"	
"684.1500"	"0.0010"	"684.150+"	"20*"	""		"80970.438"	"95583.08"	"5p5.(2P*<3/2>).5d"	"2[7/2]*"	"3"	"5p5.(2P*<3/2>).7f"	"2[7/2]"	"3"		""	"L4739"	
"684.4270"	"0.0010"	"684.426+"	"1"	""		"80970.438"	"95577.20"	"5p5.(2P*<3/2>).5d"	"2[7/2]*"	"3"	"5p5.(2P*<3/2>).7f"	"2[5/2]"	"2"		""	"L4739"	
"684.4840"	"0.0010"	"684.4837+"	"2h"	""		"80970.438"	"95575.960"	"5p5.(2P*<3/2>).5d"	"2[7/2]*"	"3"	"5p5.(2P*<3/2>).7f"	"2[5/2]"	"3"		""	"L4739"	
"684.6613"	"0.0002"	"684.6613+"	"60"	""		"78119.798"	"92721.530"	"5p5.(2P*<3/2>).6p"	"2[5/2]"	"2"	"5p5.(2P*<3/2>).7d"	"2[3/2]*"	"2"		""	"L7292"	
"684.8820"	"0.0010"	"684.881+"	"50"	""		"80970.438"	"95567.48"	"5p5.(2P*<3/2>).5d"	"2[7/2]*"	"3"	"5p5.(2P*<3/2>).7f"	"2[9/2]"	"4"		""	"L4739"	
"685.0130"	"0.0010"	"685.0128+"	"30"	""		"78119.798"	"92714.038"	"5p5.(2P*<3/2>).6p"	"2[5/2]"	"2"	"5p5.(2P*<3/2>).7d"	"2[3/2]*"	"1"		""	"L4739"	
"686.0190"	"0.0010"	"686.0162+"	"40"	""		"80196.629"	"94769.524"	"5p5.(2P*<3/2>).5d"	"2[7/2]*"	"4"	"5p5.(2P*<3/2>).6f"	"2[7/2]"	"4"		""	"L4739"	
"686.3200"	"0.0010"	"686.3171+"	"20"	""		"80118.962"	"94685.467"	"5p5.(2P*<3/2>).6p"	"2[1/2]"	"0"	"5p5.(2P*<3/2>).8d"	"2[3/2]*"	"1"		""	"L4739"	
"686.5580"	"0.0010"	"686.5536+"	"5"	""		"80196.629"	"94758.116"	"5p5.(2P*<3/2>).5d"	"2[7/2]*"	"4"	"5p5.(2P*<3/2>).6f"	"2[5/2]"	"3"		""	"L4739"	
"686.6838"	"0.0002"	"686.6842+"	"50"	"9.20e+05"	B	"78119.798"	"92678.516"	"5p5.(2P*<3/2>).6p"	"2[5/2]"	"2"	"5p5.(2P*<3/2>).7d"	"2[5/2]*"	"2"		"T5099"	"L7292"	
"687.2107"	"0.0002"	"687.2105+"	"100"	""		"80196.629"	"94744.198"	"5p5.(2P*<3/2>).5d"	"2[7/2]*"	"4"	"5p5.(2P*<3/2>).6f"	"2[9/2]"	"5"		""	"L7292"	
"688.2155"	"0.0002"	"688.2154+"	"300"	"5.83e+06"	B	"78119.798"	"92646.125"	"5p5.(2P*<3/2>).6p"	"2[5/2]"	"2"	"5p5.(2P*<3/2>).7d"	"2[7/2]*"	"3"		"T5099"	"L7292"	
"691.0820"	"0.0010"	"691.0818+"	"30"	"7.40e+05"	B+	"78956.031"	"93422.108"	"5p5.(2P*<3/2>).6p"	"2[3/2]"	"1"	"5p5.(2P*<3/2>).9s"	"2[3/2]*"	"1"		"T5818"	"L4739"	
"692.2220"	"0.0010"	"692.2233+"	"8"	"3.0e+04"	D+	"78956.031"	"93398.253"	"5p5.(2P*<3/2>).6p"	"2[3/2]"	"1"	"5p5.(2P*<3/2>).9s"	"2[3/2]*"	"2"		"T5818"	"L4739"	
"692.4670"	"0.0010"	"692.4646+"	"15"	""		"80322.746"	"94759.935"	"5p5.(2P*<3/2>).5d"	"2[3/2]*"	"2"	"5p5.(2P*<3/2>).6f"	"2[5/2]"	"2"		""	"L4739"	
"692.5530"	"0.0010"	"692.5518+"	"100"	""		"80322.746"	"94758.116"	"5p5.(2P*<3/2>).5d"	"2[3/2]*"	"2"	"5p5.(2P*<3/2>).6f"	"2[5/2]"	"3"		""	"L4739"	
"693.5620"	"0.0010"	"693.5606+"	"50"	""		"80322.746"	"94737.121"	"5p5.(2P*<3/2>).5d"	"2[3/2]*"	"2"	"5p5.(2P*<3/2>).6f"	"2[3/2]"	"2"		""	"L4739"	
"693.6690"	"0.0010"	"693.6683+"	"8"	""		"80322.746"	"94734.882"	"5p5.(2P*<3/2>).5d"	"2[3/2]*"	"2"	"5p5.(2P*<3/2>).6f"	"2[3/2]"	"1"		""	"L4739"	
"694.9760"	"0.0010"	"694.9746+"	""	""		"68045.156"	"82430.204"	"5p5.(2P*<3/2>).6s"	"2[3/2]*"	"1"	"5p5.(2P*<3/2>).5d"	"2[5/2]*"	"3"	E2	""	"L4739"	
"696.110"	"0.020"	"696.13+"	"20"	""		"91746.564"	"106107.8"	"5p5.(2P*<1/2>).5d"	"2[5/2]*"	"3"	"5p5.(2P*<1/2>).7f"	"2[7/2]"	"4"		""	"L4103"	
"697.6182"	"0.0002"	"697.6182+"	"100"	"1.91e+06"	B	"78403.061"	"92733.597"	"5p5.(2P*<3/2>).6p"	"2[5/2]"	"3"	"5p5.(2P*<3/2>).7d"	"2[5/2]*"	"3"		"T5099"	"L7292"	
"698.2050"	"0.0010"	"698.2061+"	"30"	""		"78403.061"	"92721.530"	"5p5.(2P*<3/2>).6p"	"2[5/2]"	"3"	"5p5.(2P*<3/2>).7d"	"2[3/2]*"	"2"		""	"L4739"	
"699.1650"	"0.0010"	"699.163+"	"1"	""		"79986.618"	"94285.50"	"5p5.(2P*<3/2>).5d"	"2[1/2]*"	"1"	"5p5.(2P*<3/2>).9p"	"2[1/2]"	"0"		""	"L4739"	
"700.3100"	"0.0010"	"700.3099+"	"4"	""		"78403.061"	"92678.516"	"5p5.(2P*<3/2>).6p"	"2[5/2]"	"3"	"5p5.(2P*<3/2>).7d"	"2[5/2]*"	"2"		""	"L4739"	
"701.9020"	"0.0010"	"701.9026+"	"30"	"3.5e+05"	C	"78403.061"	"92646.125"	"5p5.(2P*<3/2>).6p"	"2[5/2]"	"3"	"5p5.(2P*<3/2>).7d"	"2[7/2]*"	"3"		"T5099"	"L4739"	
"703.4800"	"0.0010"	"703.475+"	"3"	""		"80970.438"	"95181.66"	"5p5.(2P*<3/2>).5d"	"2[7/2]*"	"3"	"5p5.(2P*<3/2>).10p"	"2[5/2]"	"2"		""	"L4739"	
"703.5530"	"0.0010"	"703.5534+"	"20"	"4.00e+05"	B+	"79212.465"	"93422.108"	"5p5.(2P*<3/2>).6p"	"2[3/2]"	"2"	"5p5.(2P*<3/2>).9s"	"2[3/2]*"	"1"		"T5818"	"L4739"	
"704.7370"	"0.0010"	"704.743+"	"30*"	""		"81925.514"	"96111.17"	"5p5.(2P*<3/2>).5d"	"2[5/2]*"	"2"	"5p5.(2P*<3/2>).8f"	"2[7/2]"	"3"		""	"L4739"	
"704.7370"	"0.0010"	"704.7366+"	"30*"	"6.40e+05"	B+	"79212.465"	"93398.253"	"5p5.(2P*<3/2>).6p"	"2[3/2]"	"2"	"5p5.(2P*<3/2>).9s"	"2[3/2]*"	"2"		"T5818"	"L4739"	
"704.9070"	"0.0010"	"704.913+"	"1h"	""		"79986.618"	"94168.86"	"5p5.(2P*<3/2>).5d"	"2[1/2]*"	"1"	"5p5.(2P*<3/2>).9p"	"2[3/2]"	"1"		""	"L4739"	
"704.9360"	"0.0010"	"704.932+"	"1h"	""		"81925.514"	"96107.36"	"5p5.(2P*<3/2>).5d"	"2[5/2]*"	"2"	"5p5.(2P*<3/2>).8f"	"2[5/2]"	"2"		""	"L4739"	
"705.1060"	"0.0010"	"705.1073+"	"3"	""		"77269.145"	"91447.474"	"5p5.(2P*<3/2>).6p"	"2[1/2]"	"1"	"5p5.(2P*<1/2>).5d"	"2[3/2]*"	"2"		""	"L4739"	
"707.244"	"0.020"	"707.24+"	"30"	""		"91152.670"	"105288.2"	"5p5.(2P*<1/2>).5d"	"2[5/2]*"	"2"	"5p5.(2P*<1/2>).6f"	"2[7/2]"	"3"		""	"L4103"	
"707.8460"	"0.0010"	"707.843+"	"1"	""		"79986.618"	"94110.15"	"5p5.(2P*<3/2>).5d"	"2[1/2]*"	"1"	"5p5.(2P*<3/2>).9p"	"2[5/2]"	"2"		""	"L4739"	
"711.9598"	"0.0002"	"711.9598+"	"500"	"8.39e+06"	B	"78403.061"	"92444.927"	"5p5.(2P*<3/2>).6p"	"2[5/2]"	"3"	"5p5.(2P*<3/2>).7d"	"2[7/2]*"	"4"		"T5099"	"L7292"	
"713.6570"	"0.0010"	"713.6561+"	"15"	""		"78119.798"	"92128.287"	"5p5.(2P*<3/2>).6p"	"2[5/2]"	"2"	"5p5.(2P*<3/2>).7d"	"2[1/2]*"	"1"		""	"L4739"	
"717.2700"	"0.0010"	"717.270+"	"10"	""		"80196.629"	"94134.53"	"5p5.(2P*<3/2>).5d"	"2[7/2]*"	"4"	"5p5.(2P*<3/2>).9p"	"2[5/2]"	"3"		""	"L4739"	
"719.242"	"0.020"	"719.26+"	"4"	""		"92221.362"	"106120.8"	"5p5.(2P*<3/2>).8p"	"2[5/2]"	"2"	"5p5.(2P*<1/2>).11s"	"2[1/2]*"	"1"		""	"L4103"	
"720.0790"	"0.0010"	"720.0797+"	"15"	""		"77269.145"	"91152.670"	"5p5.(2P*<3/2>).6p"	"2[1/2]"	"1"	"5p5.(2P*<1/2>).5d"	"2[5/2]*"	"2"		""	"L4739"	
"720.9140"	"0.0010"	"720.912+"	"5"	""		"80322.746"	"94190.24"	"5p5.(2P*<3/2>).5d"	"2[3/2]*"	"2"	"5p5.(2P*<3/2>).9p"	"2[3/2]"	"2"		""	"L4739"	
"722.0240"	"0.0010"	"722.025+"	"1"	""		"80322.746"	"94168.86"	"5p5.(2P*<3/2>).5d"	"2[3/2]*"	"2"	"5p5.(2P*<3/2>).9p"	"2[3/2]"	"1"		""	"L4739"	
"722.264"	"0.020"	"722.31+"	"20"	""		"91447.474"	"105288.2"	"5p5.(2P*<1/2>).5d"	"2[3/2]*"	"2"	"5p5.(2P*<1/2>).6f"	"2[5/2]"	"3"		""	"L4103"	
"723.8200"	"0.0010"	"723.820+"	"3"	""		"80322.746"	"94134.53"	"5p5.(2P*<3/2>).5d"	"2[3/2]*"	"2"	"5p5.(2P*<3/2>).9p"	"2[5/2]"	"3"		""	"L4739"	
"724.4940"	"0.0010"	"724.4891+"	"20*"	""		"80970.438"	"94769.465"	"5p5.(2P*<3/2>).5d"	"2[7/2]*"	"3"	"5p5.(2P*<3/2>).6f"	"2[7/2]"	"3"		""	"L4739"	
"724.4940"	"0.0010"	"724.4860+"	"20*"	""		"80970.438"	"94769.524"	"5p5.(2P*<3/2>).5d"	"2[7/2]*"	"3"	"5p5.(2P*<3/2>).6f"	"2[7/2]"	"4"		""	"L4739"	
"724.9920"	"0.0010"	"724.9898+"	"2"	""		"80970.438"	"94759.935"	"5p5.(2P*<3/2>).5d"	"2[7/2]*"	"3"	"5p5.(2P*<3/2>).6f"	"2[5/2]"	"2"		""	"L4739"	
"725.0870"	"0.0010"	"725.0855+"	"5h"	""		"80970.438"	"94758.116"	"5p5.(2P*<3/2>).5d"	"2[7/2]*"	"3"	"5p5.(2P*<3/2>).6f"	"2[5/2]"	"3"		""	"L4739"	
"725.7940"	"0.0010"	"725.7908+"	"60"	""		"80970.438"	"94744.718"	"5p5.(2P*<3/2>).5d"	"2[7/2]*"	"3"	"5p5.(2P*<3/2>).6f"	"2[9/2]"	"4"		""	"L4739"	
"726.2540"	"0.0010"	"726.2537+"	"20"	""		"78956.031"	"92721.530"	"5p5.(2P*<3/2>).6p"	"2[3/2]"	"1"	"5p5.(2P*<3/2>).7d"	"2[3/2]*"	"2"		""	"L4739"	
"726.6490"	"0.0010"	"726.6492+"	"25"	""		"78956.031"	"92714.038"	"5p5.(2P*<3/2>).6p"	"2[3/2]"	"1"	"5p5.(2P*<3/2>).7d"	"2[3/2]*"	"1"		""	"L4739"	
"728.3961"	"0.0002"	"728.3962+"	"40"	""		"77185.041"	"90910.052"	"5p5.(2P*<1/2>).6s"	"2[1/2]*"	"1"	"5p5.(2P*<3/2>).4f"	"2[5/2]"	"2"		""	"L7292"	
"728.5301"	"0.0002"	"728.5302+"	"60"	"4.09e+06"	B	"78956.031"	"92678.516"	"5p5.(2P*<3/2>).6p"	"2[3/2]"	"1"	"5p5.(2P*<3/2>).7d"	"2[5/2]*"	"2"		"T5099"	"L7292"	
"730.7370"	"0.0010"	"730.737+"	"5h"	""		"82430.204"	"96111.24"	"5p5.(2P*<3/2>).5d"	"2[5/2]*"	"3"	"5p5.(2P*<3/2>).8f"	"2[7/2]"	"4"		""	"L4739"	
"731.3010"	"0.0010"	"731.298+"	"1h"	""		"82430.204"	"96100.75"	"5p5.(2P*<3/2>).5d"	"2[5/2]*"	"3"	"5p5.(2P*<3/2>).8f"	"2[9/2]"	"4"		""	"L4739"	
"731.6272"	"0.0002"	"731.6272+"	"70"	""		"77185.041"	"90849.440"	"5p5.(2P*<1/2>).6s"	"2[1/2]*"	"1"	"5p5.(2P*<3/2>).4f"	"2[3/2]"	"2"		""	"L7292"	
"731.6870"	"0.0010"	"731.6867+"	"20"	"2.5e+05"	C+	"77269.145"	"90932.432"	"5p5.(2P*<3/2>).6p"	"2[1/2]"	"1"	"5p5.(2P*<3/2>).8s"	"2[3/2]*"	"1"		"T5818"	"L4739"	
"731.9940"	"0.0010"	"731.993+"	"15"	""		"81925.514"	"95583.08"	"5p5.(2P*<3/2>).5d"	"2[5/2]*"	"2"	"5p5.(2P*<3/2>).7f"	"2[7/2]"	"3"		""	"L4739"	
"732.1452"	"0.0002"	"732.1449+"	"80"	""		"77185.041"	"90839.777"	"5p5.(2P*<1/2>).6s"	"2[1/2]*"	"1"	"5p5.(2P*<3/2>).4f"	"2[3/2]"	"1"		""	"L7292"	
"732.3050"	"0.0010"	"732.308+"	"2"	""		"81925.514"	"95577.20"	"5p5.(2P*<3/2>).5d"	"2[5/2]*"	"2"	"5p5.(2P*<3/2>).7f"	"2[5/2]"	"2"		""	"L4739"	
"733.6480"	"0.0002"	"733.6477+"	"50"	""		"78119.798"	"91746.564"	"5p5.(2P*<3/2>).6p"	"2[5/2]"	"2"	"5p5.(2P*<1/2>).5d"	"2[5/2]*"	"3"		""	"L7292"	
"735.5580"	"0.0010"	"735.5565+"	"40"	""		"79771.267"	"93362.671"	"5p5.(2P*<3/2>).5d"	"2[1/2]*"	"0"	"5p5.(2P*<3/2>).5f"	"2[3/2]"	"1"		""	"L4739"	
"738.257"	"0.020"	"738.26+"	"30"	""		"91746.564"	"105288.2"	"5p5.(2P*<1/2>).5d"	"2[5/2]*"	"3"	"5p5.(2P*<1/2>).6f"	"2[7/2]"	"4"		""	"L4103"	
"738.6003"	"0.0002"	"738.6004+"	"100"	"1.25e+06"	B+	"77269.145"	"90804.538"	"5p5.(2P*<3/2>).6p"	"2[1/2]"	"1"	"5p5.(2P*<3/2>).8s"	"2[3/2]*"	"2"		"T5818"	"L7292"	
"739.3793"	"0.0002"	"739.3794+"	"150"	"4.89e+06"	B	"79212.465"	"92733.597"	"5p5.(2P*<3/2>).6p"	"2[3/2]"	"2"	"5p5.(2P*<3/2>).7d"	"2[5/2]*"	"3"		"T5099"	"L7292"	
"740.0410"	"0.0010"	"740.0398+"	"30"	""		"79212.465"	"92721.530"	"5p5.(2P*<3/2>).6p"	"2[3/2]"	"2"	"5p5.(2P*<3/2>).7d"	"2[3/2]*"	"2"		""	"L4739"	
"740.4510"	"0.0010"	"740.4505+"	"12"	""		"79212.465"	"92714.038"	"5p5.(2P*<3/2>).6p"	"2[3/2]"	"2"	"5p5.(2P*<3/2>).7d"	"2[3/2]*"	"1"		""	"L4739"	
"740.5770"	"0.0010"	"740.576+"	"3"	""		"80118.962"	"93618.24"	"5p5.(2P*<3/2>).6p"	"2[1/2]"	"0"	"5p5.(2P*<1/2>).5d"	"2[3/2]*"	"1"		""	"L4739"	
"742.4050"	"0.0010"	"742.4037+"	"20"	"8.60e+05"	B	"79212.465"	"92678.516"	"5p5.(2P*<3/2>).6p"	"2[3/2]"	"2"	"5p5.(2P*<3/2>).7d"	"2[5/2]*"	"2"		"T5099"	"L4739"	
"744.1940"	"0.0010"	"744.1938+"	"20"	"4.7e+05"	C	"79212.465"	"92646.125"	"5p5.(2P*<3/2>).6p"	"2[3/2]"	"2"	"5p5.(2P*<3/2>).7d"	"2[7/2]*"	"3"		"T5099"	"L4739"	
"745.1000"	"0.0010"	"745.0986+"	"25"	""		"79986.618"	"93403.966"	"5p5.(2P*<3/2>).5d"	"2[1/2]*"	"1"	"5p5.(2P*<3/2>).5f"	"2[5/2]"	"2"		""	"L4739"	
"747.2010"	"0.0010"	"747.1992+"	"40"	""		"79986.618"	"93366.245"	"5p5.(2P*<3/2>).5d"	"2[1/2]*"	"1"	"5p5.(2P*<3/2>).5f"	"2[3/2]"	"2"		""	"L4739"	
"747.4010"	"0.0010"	"747.3989+"	"25"	""		"79986.618"	"93362.671"	"5p5.(2P*<3/2>).5d"	"2[1/2]*"	"1"	"5p5.(2P*<3/2>).5f"	"2[3/2]"	"1"		""	"L4739"	
"749.2230"	"0.0010"	"749.2221+"	"20"	""		"78403.061"	"91746.564"	"5p5.(2P*<3/2>).6p"	"2[5/2]"	"3"	"5p5.(2P*<1/2>).5d"	"2[5/2]*"	"3"		""	"L4739"	
"750.1130"	"0.0010"	"750.1118+"	"20"	""		"78119.798"	"91447.474"	"5p5.(2P*<3/2>).6p"	"2[5/2]"	"2"	"5p5.(2P*<1/2>).5d"	"2[3/2]*"	"2"		""	"L4739"	
"751.4540"	"0.0010"	"751.4524+"	"8"	""		"78956.031"	"92259.931"	"5p5.(2P*<3/2>).6p"	"2[3/2]"	"1"	"5p5.(2P*<3/2>).7d"	"2[1/2]*"	"0"		""	"L4739"	
"751.4960"	"0.0010"	"751.4950+"	"3"	"2.1e+05"	C	"80118.962"	"93422.108"	"5p5.(2P*<3/2>).6p"	"2[1/2]"	"0"	"5p5.(2P*<3/2>).9s"	"2[3/2]*"	"1"		"T5818"	"L4739"	
"755.9790"	"0.0010"	"755.9772+"	"40"	""		"80196.629"	"93420.901"	"5p5.(2P*<3/2>).5d"	"2[7/2]*"	"4"	"5p5.(2P*<3/2>).5f"	"2[7/2]"	"4"		""	"L4739"	
"757.0930"	"0.0010"	"757.0898+"	"6"	""		"80196.629"	"93401.466"	"5p5.(2P*<3/2>).5d"	"2[7/2]*"	"4"	"5p5.(2P*<3/2>).5f"	"2[5/2]"	"3"		""	"L4739"	
"758.4290"	"0.0010"	"758.4262+"	"10"	""		"80196.629"	"93378.199"	"5p5.(2P*<3/2>).5d"	"2[7/2]*"	"4"	"5p5.(2P*<3/2>).5f"	"2[9/2]"	"4"		""	"L4739"	
"758.4680"	"0.0002"	"758.4678+"	"200"	""		"80196.629"	"93377.475"	"5p5.(2P*<3/2>).5d"	"2[7/2]*"	"4"	"5p5.(2P*<3/2>).5f"	"2[9/2]"	"5"		""	"L7292"	
"758.9610"	"0.0010"	"758.9625+"	"6"	""		"78956.031"	"92128.287"	"5p5.(2P*<3/2>).6p"	"2[3/2]"	"1"	"5p5.(2P*<3/2>).7d"	"2[1/2]*"	"1"		""	"L4739"	
"759.4360"	"0.0010"	"759.433+"	"1"	""		"80970.438"	"94134.53"	"5p5.(2P*<3/2>).5d"	"2[7/2]*"	"3"	"5p5.(2P*<3/2>).9p"	"2[5/2]"	"3"		""	"L4739"	
"760.0770"	"0.0010"	"760.076+"	"10"	""		"82430.204"	"95583.16"	"5p5.(2P*<3/2>).5d"	"2[5/2]*"	"3"	"5p5.(2P*<3/2>).7f"	"2[7/2]"	"4"		""	"L4739"	
"760.4970"	"0.0010"	"760.4924+"	"2h"	""		"82430.204"	"95575.960"	"5p5.(2P*<3/2>).5d"	"2[5/2]*"	"3"	"5p5.(2P*<3/2>).7f"	"2[5/2]"	"3"		""	"L4739"	
"760.8460"	"0.0010"	"760.842+"	"5"	""		"80970.438"	"94110.15"	"5p5.(2P*<3/2>).5d"	"2[7/2]*"	"3"	"5p5.(2P*<3/2>).9p"	"2[5/2]"	"2"		""	"L4739"	
"760.9820"	"0.0010"	"760.983+"	"3"	""		"82430.204"	"95567.48"	"5p5.(2P*<3/2>).5d"	"2[5/2]*"	"3"	"5p5.(2P*<3/2>).7f"	"2[9/2]"	"4"		""	"L4739"	
"764.2024"	"0.0002"	"764.2023+"	"500"	"2.1e+07"	C+	"76196.767"	"89278.706"	"5p5.(2P*<1/2>).6s"	"2[1/2]*"	"0"	"5p5.(2P*<1/2>).6p"	"2[1/2]"	"1"		"T5100n,T3269"	"L7292c110"	
"764.2300"	"0.0010"	"764.2443+"	""	""		"80322.746"	"93403.966"	"5p5.(2P*<3/2>).5d"	"2[3/2]*"	"2"	"5p5.(2P*<3/2>).5f"	"2[5/2]"	"2"		""	"L4739"	
"764.3910"	"0.0010"	"764.3904+"	"100"	""		"80322.746"	"93401.466"	"5p5.(2P*<3/2>).5d"	"2[3/2]*"	"2"	"5p5.(2P*<3/2>).5f"	"2[5/2]"	"3"		""	"L4739"	
"766.4020"	"0.0010"	"766.4008+"	"10"	""		"78403.061"	"91447.474"	"5p5.(2P*<3/2>).6p"	"2[5/2]"	"3"	"5p5.(2P*<1/2>).5d"	"2[3/2]*"	"2"		""	"L4739"	
"766.4560"	"0.0010"	"766.4545+"	"30"	""		"80322.746"	"93366.245"	"5p5.(2P*<3/2>).5d"	"2[3/2]*"	"2"	"5p5.(2P*<3/2>).5f"	"2[3/2]"	"2"		""	"L4739"	
"766.6610"	"0.0010"	"766.6646+"	"10"	""		"80322.746"	"93362.671"	"5p5.(2P*<3/2>).5d"	"2[3/2]*"	"2"	"5p5.(2P*<3/2>).5f"	"2[3/2]"	"1"		""	"L4739"	
"767.0810"	"0.0010"	"767.0794+"	"1"	""		"78119.798"	"91152.670"	"5p5.(2P*<3/2>).6p"	"2[5/2]"	"2"	"5p5.(2P*<1/2>).5d"	"2[5/2]*"	"2"		""	"L4739"	
"774.0310"	"0.0010"	"774.0312+"	"40"	""		"79212.465"	"92128.287"	"5p5.(2P*<3/2>).6p"	"2[3/2]"	"2"	"5p5.(2P*<3/2>).7d"	"2[1/2]*"	"1"		""	"L4739"	
"776.215"	"0.020"	"776.21+"	"4"	""		"88549.775"	"101429.3"	"5p5.(2P*<3/2>).6d"	"2[1/2]*"	"1"	"5p5.(2P*<1/2>).4f"	"2[5/2]"	"2"		""	"L4103"	
"778.3660"	"0.0010"	"778.3624+"	"50"	""		"81925.514"	"94769.465"	"5p5.(2P*<3/2>).5d"	"2[5/2]*"	"2"	"5p5.(2P*<3/2>).6f"	"2[7/2]"	"3"		""	"L4739"	
"778.9420"	"0.0010"	"778.9404+"	"15"	""		"81925.514"	"94759.935"	"5p5.(2P*<3/2>).5d"	"2[5/2]*"	"2"	"5p5.(2P*<3/2>).6f"	"2[5/2]"	"2"		""	"L4739"	
"779.0530"	"0.0010"	"779.0508+"	"1"	""		"81925.514"	"94758.116"	"5p5.(2P*<3/2>).5d"	"2[5/2]*"	"2"	"5p5.(2P*<3/2>).6f"	"2[5/2]"	"3"		""	"L4739"	
"780.2651"	"0.0002"	"780.2649+"	"100"	"2.28e+06"	B+	"78119.798"	"90932.432"	"5p5.(2P*<3/2>).6p"	"2[5/2]"	"2"	"5p5.(2P*<3/2>).8s"	"2[3/2]*"	"1"		"T5818"	"L7292"	
"780.464"	"0.020"	"780.4639+"	"10"	""		"81925.514"	"94734.882"	"5p5.(2P*<3/2>).5d"	"2[5/2]*"	"2"	"5p5.(2P*<3/2>).6f"	"2[3/2]"	"1"		""	"L4093c2"	
"782.555"	"0.020"	"782.53+"	"30"	""		"91152.670"	"103928.2"	"5p5.(2P*<1/2>).5d"	"2[5/2]*"	"2"	"5p5.(2P*<1/2>).5f"	"2[7/2]"	"3"		""	"L4103"	
"783.2980"	"0.0010"	"783.2987+"	"10"	""		"77269.145"	"90032.155"	"5p5.(2P*<3/2>).6p"	"2[1/2]"	"1"	"5p5.(2P*<3/2>).6d"	"2[3/2]*"	"1"		""	"L4739"	
"784.1230"	"0.0010"	"784.1220+"	"15"	""		"78403.061"	"91152.670"	"5p5.(2P*<3/2>).6p"	"2[5/2]"	"3"	"5p5.(2P*<1/2>).5d"	"2[5/2]*"	"2"		""	"L4739"	
"788.1320"	"0.0002"	"788.1320+"	"100"	"5.50e+05"	B+	"78119.798"	"90804.538"	"5p5.(2P*<3/2>).6p"	"2[5/2]"	"2"	"5p5.(2P*<3/2>).8s"	"2[3/2]*"	"2"		"T5818"	"L7292"	
"788.7393"	"0.0002"	"788.7393+"	"300"	"3.5e+07"	C+	"77185.041"	"89860.015"	"5p5.(2P*<1/2>).6s"	"2[1/2]*"	"1"	"5p5.(2P*<1/2>).6p"	"2[1/2]"	"0"		"T4106n,T5100,T3269"	"L7292c110"	
"793.7410"	"0.0010"	"793.7427+"	"40"	""		"80118.962"	"92714.038"	"5p5.(2P*<3/2>).6p"	"2[1/2]"	"0"	"5p5.(2P*<3/2>).7d"	"2[3/2]*"	"1"		""	"L4739"	
"795.4220"	"0.0010"	"795.4200+"	"4"	""		"79986.618"	"92555.135"	"5p5.(2P*<3/2>).5d"	"2[1/2]*"	"1"	"5p5.(2P*<3/2>).8p"	"2[1/2]"	"0"		""	"L4739"	
"796.7342"	"0.0002"	"796.7338+"	"500"	"3.4e+06"	D+	"76196.767"	"88744.559"	"5p5.(2P*<1/2>).6s"	"2[1/2]*"	"0"	"5p5.(2P*<3/2>).7p"	"2[3/2]"	"1"		"T8608"	"L7292c110"	
"797.6030"	"0.0010"	"797.6042+"	"8"	""		"79212.465"	"91746.564"	"5p5.(2P*<3/2>).6p"	"2[3/2]"	"2"	"5p5.(2P*<1/2>).5d"	"2[5/2]*"	"3"		""	"L4739"	